LIMIT_BAL,CHECKING_ACCOUNT,EDUCATION,MARRIAGE,AGE,BILL_AMT,PAY_AMT,DEFAULT
6022,Yes,2.University,Married,24,934.0122,0,1
36132,Yes,2.University,Single,26,519.3975,0,1
27099,Yes,2.University,Single,34,4223.5297,457.0698,0
15055,Yes,2.University,Married,37,14522.9563,602.2,0
150550,No,3.Graduate School,Single,29,124060.1253,16560.5,0
30110,Yes,2.University,Single,23,114.418,114.418,0
42154,Yes,1.High School,Married,28,4244.3056,1002.3619,0
60220,Yes,1.High School,Single,34,2946.8657,694.3366,0
78286,Yes,3.Graduate School,Single,51,6524.837,6524.837,0
189693,Yes,2.University,Single,41,1957.15,301.1,0
21077,No,2.University,Single,30,20284.8059,963.52,0
75275,No,3.Graduate School,Single,29,20191.766,903.3,0
6022,No,3.Graduate School,Single,24,5422.811,963.52,0
96352,No,3.Graduate School,Married,49,74231.9896,3118.7938,0
39143,Yes,1.High School,Single,39,8336.8568,903.3,0
36132,Yes,2.University,Married,39,95.1476,95.1476,0
21077,Yes,2.University,Single,26,12780.1895,604.3077,0
135495,Yes,3.Graduate School,Married,40,5847.362,5847.362,0
15055,No,1.High School,Single,23,12588.991,594.0703,0
15055,Yes,1.High School,Single,30,4859.1518,391.43,0
15055,Yes,1.High School,Married,47,1028.2565,1028.2565,0
15055,No,3.Graduate School,Single,26,4990.7325,451.65,0
69253,Yes,3.Graduate School,Single,27,5198.4915,5198.4915,0
15055,No,2.University,Single,33,8917.9798,517.2898,0
30110,No,3.Graduate School,Single,32,25313.7781,910.2253,0
150550,Yes,2.University,Married,54,1250.1672,1250.1672,0
150550,No,3.Graduate School,Married,58,1507.3066,1507.3066,0
84308,No,2.University,Married,40,54597.8608,2416.6286,0
18066,Yes,2.University,Single,22,2952.5866,451.65,0
84308,No,3.Graduate School,Single,31,2732.4825,2732.4825,0
108396,No,3.Graduate School,Single,33,66632.2256,3011,0
21077,Yes,3.Graduate School,Single,25,20173.3989,903.3,0
3011,No,2.University,Single,22,958.7024,451.65,0
42154,Yes,2.University,Married,37,18530.8984,903.3,0
12044,Yes,3.Graduate School,Single,30,6411.9245,903.3,0
6022,Yes,3.Graduate School,Single,22,4963.3324,903.3,0
114418,No,2.University,Single,32,6485.694,6485.694,0
6022,No,3.Graduate School,Single,24,5564.0269,396.8498,0
21077,No,1.High School,Single,42,10891.0881,0,1
93341,Yes,2.University,Married,49,2368.7537,2368.7537,0
54198,Yes,3.Graduate School,Single,25,12568.5162,391.43,0
45165,Yes,3.Graduate School,Single,29,10536.3923,481.76,0
150550,Yes,3.Graduate School,Married,45,1096.004,1096.004,0
54198,Yes,1.High School,Married,34,4755.2723,2559.35,0
54198,Yes,2.University,Married,34,52222.784,2433.7913,0
60220,Yes,3.Graduate School,Single,34,330.6078,0,1
150550,Yes,1.High School,Married,28,7117.4018,456.4676,0
15055,No,3.Graduate School,Single,29,7316.73,0,1
60220,No,3.Graduate School,Married,57,44788.9261,0,1
3011,No,2.University,Married,56,1262.5123,692.53,0
63231,Yes,3.Graduate School,Single,30,90.33,90.33,0
96352,No,2.University,Single,29,17838.9706,752.75,0
102374,No,3.Graduate School,Single,32,1671.105,1671.105,0
6022,No,2.University,Single,24,5183.7376,858.135,0
15055,No,1.High School,Single,25,11208.4475,529.6349,0
90330,Yes,3.Graduate School,Married,45,87.6201,87.6201,0
108396,Yes,3.Graduate School,Single,26,8369.3756,1444.0756,0
18066,No,1.High School,Single,30,8271.5181,474.5336,0
120440,Yes,2.University,Married,44,41870.966,3221.77,0
15055,Yes,1.High School,Single,49,14411.5493,504.6436,0
48176,No,2.University,Single,33,32460.9888,1324.84,0
108396,Yes,3.Graduate School,Married,45,352.287,352.287,0
48176,Yes,2.University,Single,32,1430.5261,345.3617,0
39143,Yes,3.Graduate School,Married,35,35489.4526,12044,0
6022,No,1.High School,Single,44,2500.0333,0,1
60220,No,3.Graduate School,Married,53,42387.0514,1896.93,0
48176,Yes,2.University,Married,37,482.3622,482.3622,0
18066,Yes,2.University,Single,23,14106.535,583.2307,0
27099,No,2.University,Single,35,25893.3956,1090.2831,0
108396,No,3.Graduate School,Married,43,2505.7542,2505.7542,0
45165,No,3.Graduate School,Single,27,25927.1188,1213.7341,0
15055,Yes,1.High School,Married,22,5467.976,424.8521,0
6022,No,2.University,Married,38,5831.4037,511.5689,0
42154,No,3.Graduate School,Single,32,3074.8332,3074.8332,0
144528,No,3.Graduate School,Married,63,129877.0762,4841.0858,0
15055,Yes,1.High School,Single,22,12722.6794,532.0437,0
18066,Yes,2.University,Single,26,16623.1288,0,1
24088,Yes,2.University,Married,36,861.4471,861.4471,0
105385,No,3.Graduate School,Single,52,684.0992,684.0992,0
99363,Yes,3.Graduate School,Married,31,32648.5741,2788.186,0
15055,No,1.High School,Married,47,4432.7942,602.2,0
84308,No,2.University,Married,41,41711.9852,1957.15,0
30110,Yes,3.Graduate School,Single,24,15865.5612,602.2,0
15055,No,2.University,Single,41,5809.4234,403.474,0
9033,No,3.Graduate School,Single,24,5304.7798,0,1
72264,No,3.Graduate School,Single,28,98.1586,98.1586,0
24088,No,2.University,Single,26,4664.9423,602.2,0
120440,No,2.University,Married,34,2910.4326,2910.4326,0
72264,Yes,2.University,Single,38,15490.0895,602.2,0
15055,No,1.High School,Single,37,13843.3736,301.1,0
6022,No,3.Graduate School,Single,27,5709.4582,422.7444,0
60220,No,1.High School,Single,52,29968.483,1074.3248,0
54198,No,3.Graduate School,Married,36,35054.6642,1401.6205,0
15055,No,2.University,Married,51,1173.9889,301.1,0
9033,Yes,3.Graduate School,Single,23,1699.7095,1699.7095,0
72264,No,3.Graduate School,Single,41,789.4842,789.4842,0
126462,No,2.University,Married,34,74595.4173,2933.9184,0
99363,No,1.High School,Married,46,68867.2909,2472.031,0
9033,Yes,2.University,Single,22,7872.2595,602.2,0
72264,No,2.University,Married,34,3623.7385,451.65,0
45165,No,3.Graduate School,Single,27,5823.8762,752.75,0
63231,Yes,2.University,Married,33,2407.8967,451.65,0
15055,Yes,1.High School,Married,51,90.33,90.33,0
15055,No,2.University,Single,23,3261.8163,301.1,0
51187,No,2.University,Single,29,3011,3011,0
6022,No,3.Graduate School,Single,29,4692.9446,4692.9446,0
15055,No,3.Graduate School,Single,28,1780.4043,301.1,0
51187,Yes,2.University,Single,27,6116.2443,500.1271,0
60220,No,3.Graduate School,Single,34,53051.4112,2408.8,0
24088,Yes,2.University,Married,23,3168.1742,496.815,0
42154,No,2.University,Married,32,23528.5562,1040.3005,0
24088,No,3.Graduate School,Single,25,16784.5184,9033,0
105385,No,3.Graduate School,Single,41,874.9966,874.9966,0
84308,Yes,2.University,Married,56,54905.585,2421.4462,0
9033,Yes,1.High School,Single,26,3133.2466,511.87,0
42154,No,3.Graduate School,Married,34,8445.5539,1505.5,0
60220,Yes,3.Graduate School,Single,37,30974.157,1204.4,0
60220,Yes,1.High School,Single,30,59058.6573,2198.03,0
63231,No,1.High School,Married,45,37006.3944,3154.9258,0
15055,No,1.High School,Married,57,3722.1982,0,1
9033,No,3.Graduate School,Single,41,8266.0983,1053.85,0
15055,No,2.University,Single,27,117.429,117.429,0
87319,No,1.High School,Married,47,119.2356,119.2356,0
75275,Yes,3.Graduate School,Married,34,47229.9438,5417.9934,0
18066,Yes,2.University,Married,46,7167.0833,903.3,0
33121,Yes,3.Graduate School,Single,27,31553.7745,1656.05,0
111407,No,3.Graduate School,Single,50,4555.643,4555.643,0
27099,Yes,2.University,Married,35,22237.4394,1053.85,0
15055,Yes,2.University,Single,22,8759.6012,454.661,0
81297,No,2.University,Single,37,10055.8367,1505.5,0
15055,Yes,2.University,Single,22,4598.7003,4516.5,0
39143,No,1.High School,Married,56,19865.9758,903.3,0
24088,No,3.Graduate School,Single,30,30.11,30.11,0
15055,No,2.University,Single,30,14392.8811,0,1
6022,Yes,2.University,Single,22,3800.4842,364.9332,0
72264,No,3.Graduate School,Single,37,8002.6358,4516.5,0
24088,Yes,1.High School,Single,35,3737.2532,3737.2532,0
150550,Yes,3.Graduate School,Married,47,33306.4776,21080.011,0
18066,Yes,2.University,Married,24,17430.9801,752.75,0
6022,No,2.University,Single,25,3515.9447,361.32,0
30110,Yes,2.University,Married,38,4203.6571,0,1
108396,Yes,3.Graduate School,Single,32,17185.8847,17185.8847,0
39143,Yes,2.University,Married,34,1624.7356,1624.7356,0
93341,No,3.Graduate School,Single,32,18712.4617,3017.022,0
18066,Yes,3.Graduate School,Single,27,6126.4817,404.0762,0
54198,Yes,3.Graduate School,Single,24,6650.3957,6650.3957,0
15055,No,2.University,Married,36,5454.1254,602.2,0
15055,Yes,3.Graduate School,Single,24,11197.3068,572.09,0
6022,Yes,3.Graduate School,Single,22,5855.1906,451.65,0
150550,Yes,3.Graduate School,Married,34,41.5518,41.5518,0
9033,Yes,1.High School,Single,22,8808.9816,301.1,0
42154,No,3.Graduate School,Single,31,8219.7289,7527.5,0
42154,Yes,3.Graduate School,Single,26,5419.8,3011,0
36132,No,2.University,Single,26,33295.0358,1505.5,0
108396,Yes,2.University,Married,48,69818.4658,2740.01,0
30110,No,3.Graduate School,Married,47,443.5203,443.5203,0
63231,Yes,2.University,Married,41,477.5446,477.5446,0
99363,Yes,3.Graduate School,Married,50,1305.8707,1305.8707,0
66242,No,3.Graduate School,Single,24,32794.9087,1505.5,0
12044,Yes,1.High School,Married,43,11713.0911,511.87,0
9033,No,2.University,Single,39,8463.3188,914.1396,0
141517,No,2.University,Single,27,91329.652,3914.3,0
9033,No,1.High School,Married,42,117.429,117.429,0
24088,No,2.University,Single,36,23636.6511,933.41,0
93341,Yes,3.Graduate School,Single,38,1367.5962,1367.5962,0
108396,Yes,3.Graduate School,Married,40,34767.4148,3613.2,0
90330,Yes,2.University,Single,35,89507.3948,3618.9209,0
96352,Yes,2.University,Single,33,28314.5407,3023.6462,0
51187,Yes,3.Graduate School,Single,28,39504.0189,1966.183,0
105385,No,1.High School,Married,44,808.7546,808.7546,0
6022,No,2.University,Married,37,4971.4621,484.4699,0
15055,No,2.University,Single,23,14590.1016,722.9411,0
6022,Yes,1.High School,Single,24,5469.4815,0,1
15055,Yes,3.Graduate School,Single,24,10778.1756,629.299,0
57209,No,2.University,Single,34,39559.4213,1505.5,0
18066,Yes,2.University,Married,33,10950.1037,453.4566,0
24088,No,3.Graduate School,Single,35,1197.4747,1197.4747,0
45165,Yes,2.University,Single,27,33136.055,1354.95,0
72264,Yes,1.High School,Married,50,69755.5359,3045.9276,0
15055,No,3.Graduate School,Single,39,14444.9714,541.98,0
54198,Yes,3.Graduate School,Single,32,1762.3383,849.4031,0
9033,Yes,3.Graduate School,Single,40,64.7365,64.7365,0
75275,Yes,2.University,Married,75,491.0941,491.0941,0
30110,Yes,2.University,Single,27,10375.0027,538.3668,0
99363,No,3.Graduate School,Single,25,13784.6591,753.9544,0
15055,No,1.High School,Married,46,4634.5312,470.0171,0
9033,No,2.University,Single,28,8884.5577,1507.3066,0
42154,Yes,2.University,Single,26,31689.5706,1615.7026,0
48176,Yes,3.Graduate School,Single,28,14386.2569,2120.3462,0
120440,Yes,2.University,Single,29,1119.7909,941.5397,0
15055,No,2.University,Married,25,8585.2643,471.2215,0
42154,Yes,2.University,Married,48,371.2563,371.2563,0
48176,Yes,2.University,Married,33,738.5983,738.5983,0
66242,No,3.Graduate School,Married,48,64291.4742,3011,0
153561,Yes,3.Graduate School,Single,29,29933.5554,12047.011,0
15055,No,2.University,Single,29,10568.61,482.3622,0
48176,Yes,3.Graduate School,Married,38,1404.3304,1404.3304,0
24088,Yes,3.Graduate School,Single,37,74.9739,74.9739,0
3011,No,1.High School,Single,23,2360.0218,341.4474,0
39143,Yes,1.High School,Single,49,27509.0982,1234.51,0
12044,Yes,3.Graduate School,Single,48,10372.5939,481.76,0
15055,No,2.University,Single,27,4480.368,511.87,0
30110,No,1.High School,Single,32,9498.1995,612.7385,0
36132,No,3.Graduate School,Married,34,190.2952,0,1
60220,Yes,2.University,Single,33,3869.7372,602.2,0
21077,Yes,2.University,Single,36,20812.032,1349.8313,0
15055,Yes,3.Graduate School,Single,26,95.1476,95.1476,0
75275,Yes,2.University,Married,31,30891.0534,1204.4,0
9033,Yes,3.Graduate School,Single,27,740.1038,301.1,0
81297,No,2.University,Married,44,32876.8079,3029.9693,0
54198,Yes,1.High School,Single,30,46114.0672,2325.0942,0
30110,Yes,3.Graduate School,Single,28,15854.7216,1256.4903,0
69253,Yes,1.High School,Married,32,26720.5173,1505.5,0
63231,Yes,3.Graduate School,Married,46,12641.9846,12641.9846,0
63231,No,3.Graduate School,Single,38,18910.2844,986.4036,0
132484,Yes,2.University,Married,46,54666.8127,2592.471,0
30110,Yes,2.University,Single,25,21582.2458,1045.4192,0
72264,Yes,2.University,Married,46,2980.89,389.9245,0
84308,No,3.Graduate School,Single,33,270.3878,270.3878,0
9033,No,2.University,Married,43,785.871,331.21,0
60220,No,3.Graduate School,Single,31,59420.2784,2709.9,0
36132,Yes,2.University,Married,29,197.8227,197.8227,0
63231,Yes,2.University,Married,36,43056.0956,1952.0313,0
84308,Yes,3.Graduate School,Married,36,18303.2668,829.5305,0
30110,No,2.University,Single,37,29574.6442,1050.839,0
60220,Yes,3.Graduate School,Single,27,200.2315,200.2315,0
33121,Yes,2.University,Single,26,969.542,969.542,0
9033,No,1.High School,Married,55,3195.5743,361.32,0
18066,Yes,3.Graduate School,Single,27,4155.4811,4155.4811,0
120440,Yes,2.University,Married,38,1083.96,301.1,0
54198,Yes,2.University,Married,34,44060.8663,2107.7,0
6022,No,3.Graduate School,Single,40,4136.5118,903.3,0
60220,Yes,1.High School,Married,49,15368.144,0,1
30110,No,3.Graduate School,Single,27,15824.9127,491.0941,0
18066,No,2.University,Single,23,10021.2102,593.167,0
33121,Yes,2.University,Single,36,14737.9417,662.42,0
78286,Yes,1.High School,Married,53,49.6815,49.6815,0
33121,No,2.University,Single,29,17041.6578,752.75,0
102374,Yes,3.Graduate School,Single,27,54240.154,6354.7155,0
15055,No,2.University,Single,24,734.9851,322.177,0
69253,Yes,2.University,Married,28,5668.5086,514.881,0
108396,Yes,2.University,Single,32,28319.6594,3011,0
66242,Yes,2.University,Married,41,195.715,97.8575,0
18066,Yes,2.University,Married,34,8423.5736,1144.18,0
102374,No,2.University,Married,55,13448.6315,13448.6315,0
45165,No,3.Graduate School,Married,40,30888.6446,1565.72,0
60220,Yes,2.University,Married,37,152.0555,152.0555,0
39143,Yes,2.University,Single,40,3731.8334,903.3,0
18066,Yes,3.Graduate School,Single,28,3080.8552,0,1
57209,Yes,3.Graduate School,Single,28,44244.5373,1744.8745,0
78286,Yes,3.Graduate School,Single,30,48250.0706,3011,0
15055,Yes,2.University,Married,31,14367.2876,594.3714,0
36132,Yes,3.Graduate School,Single,34,1966.4841,1966.4841,0
72264,Yes,2.University,Single,30,27.7012,27.7012,0
15055,No,2.University,Single,36,1858.3892,364.9332,0
60220,Yes,3.Graduate School,Single,29,55.1013,0,1
54198,Yes,3.Graduate School,Single,26,41621.6552,1637.984,0
30110,Yes,2.University,Single,26,1262.2112,1262.2112,0
9033,Yes,2.University,Single,26,5724.5132,424.8521,0
27099,No,3.Graduate School,Single,26,6164.4203,463.9951,0
24088,Yes,2.University,Single,43,23516.5122,956.5947,0
15055,No,1.High School,Married,58,5636.592,1023.74,0
54198,No,2.University,Married,45,8557.8642,445.9291,0
72264,Yes,2.University,Single,26,38823.834,1911.6839,0
114418,No,2.University,Single,34,53958.9266,2712.911,0
78286,No,3.Graduate School,Married,34,87.6201,87.6201,0
96352,Yes,2.University,Single,30,21423.5661,779.5479,0
15055,No,2.University,Single,32,13471.5151,0,1
69253,Yes,3.Graduate School,Single,35,90.33,90.33,0
99363,Yes,2.University,Married,56,457.672,457.672,0
3011,No,2.University,Single,24,579.0153,0,1
48176,No,3.Graduate School,Single,30,896.3747,896.3747,0
27099,Yes,3.Graduate School,Single,34,10565.2979,493.804,0
54198,No,3.Graduate School,Married,46,52569.049,2438.91,0
9033,No,1.High School,Married,58,6072.5848,493.804,0
9033,No,2.University,Married,43,5992.1911,0,1
42154,Yes,3.Graduate School,Single,28,4349.6906,4215.4,0
63231,No,3.Graduate School,Single,30,21650.8966,1053.85,0
15055,No,2.University,Single,31,4555.3419,602.2,0
39143,Yes,2.University,Single,29,27333.858,1264.62,0
15055,Yes,2.University,Married,37,963.52,451.65,0
42154,No,1.High School,Married,36,23597.8092,903.3,0
51187,Yes,2.University,Single,28,1158.6328,332.7155,0
24088,No,2.University,Single,25,9463.2719,3014.011,0
24088,No,1.High School,Married,73,19761.4941,1053.85,0
78286,No,3.Graduate School,Married,30,87.6201,87.6201,0
84308,Yes,2.University,Married,39,10814.9098,10814.9098,0
93341,No,2.University,Married,44,27697.8879,1324.84,0
42154,Yes,2.University,Single,29,5149.4122,903.3,0
30110,No,3.Graduate School,Single,38,12842.8183,753.3522,0
63231,Yes,2.University,Married,30,31956.9474,1205.0022,0
72264,No,3.Graduate School,Single,29,39829.508,1575.6563,0
45165,No,3.Graduate School,Single,41,627.4924,627.4924,0
9033,No,2.University,Married,48,8692.757,534.1514,0
60220,No,3.Graduate School,Married,52,809.959,809.959,0
96352,Yes,3.Graduate School,Single,27,18937.0823,3433.7444,0
84308,No,3.Graduate School,Single,31,52887.0106,3011,0
18066,Yes,3.Graduate School,Single,23,8604.5347,0,1
69253,Yes,2.University,Single,27,3808.0117,0,1
144528,Yes,1.High School,Married,41,8028.8315,8028.8315,0
60220,Yes,3.Graduate School,Single,31,4469.8295,4469.8295,0
15055,Yes,3.Graduate School,Single,30,4896.4882,602.2,0
15055,No,2.University,Married,48,12961.7528,1092.6919,0
9033,No,3.Graduate School,Single,24,7935.1894,451.65,0
132484,Yes,3.Graduate School,Single,29,50343.6189,2430.1781,0
69253,Yes,2.University,Single,38,841.5745,841.5745,0
60220,No,2.University,Married,38,31893.7164,1354.95,0
147539,Yes,2.University,Married,30,59607.8637,3011,0
6022,Yes,1.High School,Single,49,3637.5891,903.3,0
51187,Yes,3.Graduate School,Single,31,59.9189,59.9189,0
117429,Yes,3.Graduate School,Single,27,90329.3978,3916.4077,0
33121,Yes,3.Graduate School,Single,29,14915.5907,752.75,0
174638,Yes,3.Graduate School,Married,36,48835.1079,1933.6642,0
108396,No,1.High School,Married,55,2554.8335,1811.1165,0
81297,Yes,2.University,Married,32,70167.1396,3011,0
33121,No,1.High School,Married,37,18818.4489,692.53,0
24088,Yes,3.Graduate School,Single,23,22064.9091,967.1332,0
15055,No,2.University,Single,23,105.385,105.385,0
30110,No,3.Graduate School,Single,32,25769.9446,1204.4,0
60220,Yes,3.Graduate School,Single,27,37533.0183,1717.4744,0
66242,No,2.University,Single,34,10027.8344,481.76,0
48176,Yes,3.Graduate School,Single,28,32399.5644,1354.95,0
54198,Yes,3.Graduate School,Married,53,379.386,379.386,0
42154,Yes,1.High School,Married,30,29509.9077,1356.4555,0
180660,No,3.Graduate School,Married,53,138163.3482,0,1
60220,Yes,3.Graduate School,Single,26,53.8969,53.8969,0
24088,No,2.University,Single,42,8491.6222,752.75,0
39143,No,1.High School,Single,39,20874.9619,0,1
15055,No,3.Graduate School,Single,32,7265.8441,541.98,0
69253,Yes,2.University,Married,41,5468.8793,5468.8793,0
21077,No,2.University,Married,48,12008.7713,632.31,0
54198,Yes,2.University,Married,38,45662.1161,1703.3227,0
24088,Yes,2.University,Married,36,2600.9018,2600.9018,0
87319,Yes,2.University,Single,26,30067.846,24088,0
69253,Yes,3.Graduate School,Single,28,39520.8805,36160.0023,0
69253,No,3.Graduate School,Married,59,62126.2641,2269.0896,0
66242,No,3.Graduate School,Single,38,63545.0473,2682.4999,0
69253,No,2.University,Single,32,8432.6066,484.771,0
150550,No,2.University,Married,38,14957.7447,3018.8286,0
27099,Yes,3.Graduate School,Married,41,985.8014,985.8014,0
117429,Yes,1.High School,Single,35,109397.1575,4155.7822,0
120440,Yes,2.University,Single,41,112219.97,4221.422,0
54198,No,2.University,Married,34,840.069,840.069,0
18066,No,1.High School,Married,38,9129.6531,541.98,0
18066,Yes,2.University,Single,29,8538.5938,572.09,0
150550,Yes,3.Graduate School,Married,38,90.33,0,1
75275,Yes,2.University,Married,40,41281.1111,36144.3451,0
21077,Yes,2.University,Single,28,12585.6789,635.9232,0
27099,No,1.High School,Married,48,22075.7487,511.87,0
30110,Yes,2.University,Married,43,514.5799,514.5799,0
57209,No,2.University,Married,31,54388.5963,2288.36,0
69253,Yes,3.Graduate School,Married,42,4549.9221,4549.9221,0
96352,No,2.University,Married,39,27557.5753,998.7487,0
66242,Yes,2.University,Married,36,496.2128,496.2128,0
78286,Yes,3.Graduate School,Married,34,1833.0968,1833.0968,0
9033,Yes,2.University,Married,43,8015.8842,391.43,0
78286,No,2.University,Single,30,30405.078,1204.4,0
51187,Yes,2.University,Single,28,5304.1776,1204.4,0
24088,Yes,3.Graduate School,Married,28,2840.5774,362.2233,0
15055,No,3.Graduate School,Married,41,202.3392,202.3392,0
9033,Yes,2.University,Married,38,6535.3755,602.2,0
27099,Yes,2.University,Married,35,6766.9214,0,1
39143,Yes,3.Graduate School,Married,33,6185.7984,602.2,0
48176,No,3.Graduate School,Single,35,119.2356,119.2356,0
54198,Yes,2.University,Single,28,11664.9151,752.75,0
24088,Yes,2.University,Married,30,3976.6277,511.87,0
39143,No,2.University,Married,31,379.6871,379.6871,0
36132,Yes,2.University,Single,35,72.264,72.264,0
108396,No,3.Graduate School,Single,28,15946.8582,15946.8582,0
15055,No,2.University,Single,23,9256.1151,602.2,0
30110,No,1.High School,Married,56,16071.5136,718.1235,0
21077,No,1.High School,Married,32,20363.0919,921.366,0
15055,No,2.University,Married,47,5026.8645,903.3,0
87319,Yes,3.Graduate School,Married,34,29419.8788,1806.6,0
9033,Yes,3.Graduate School,Married,31,5275.8742,480.8567,0
123451,Yes,2.University,Single,27,9933.5901,9933.5901,0
108396,No,3.Graduate School,Single,28,246.902,117.429,0
42154,Yes,2.University,Married,42,33763.2463,1813.2242,0
63231,Yes,3.Graduate School,Single,32,20923.1379,963.52,0
66242,Yes,2.University,Single,27,3989.575,3989.575,0
6022,No,2.University,Single,27,5439.6726,0,1
186682,Yes,2.University,Married,45,47224.2229,0,1
6022,Yes,2.University,Single,21,4338.851,4338.851,0
15055,No,2.University,Single,23,5586.0072,853.9196,0
3011,No,2.University,Single,46,1925.2334,722.64,0
30110,Yes,1.High School,Married,50,16569.533,617.255,0
15055,No,3.Graduate School,Single,26,921.0649,921.0649,0
18066,No,2.University,Single,25,504.3425,504.3425,0
132484,Yes,3.Graduate School,Single,35,101709.7734,3944.41,0
36132,No,2.University,Married,44,26478.4329,1631.0587,0
33121,Yes,2.University,Married,40,27371.4955,180.66,0
9033,Yes,2.University,Married,36,8442.5429,0,1
30110,Yes,3.Graduate School,Single,24,9179.3346,467.6083,0
108396,Yes,3.Graduate School,Married,34,3052.5518,3011,0
117429,Yes,3.Graduate School,Single,31,13013.542,1505.5,0
69253,Yes,3.Graduate School,Single,28,2215.1927,2215.1927,0
36132,No,3.Graduate School,Single,27,15197.4203,1512.7264,0
30110,No,1.High School,Married,52,1827.0748,451.65,0
12044,Yes,2.University,Single,24,11054.5854,602.2,0
189693,Yes,2.University,Married,47,20531.1057,11498.1057,0
48176,Yes,3.Graduate School,Married,33,1623.8323,1623.8323,0
33121,Yes,2.University,Single,32,22451.5215,3312.1,0
63231,Yes,1.High School,Married,53,17605.9192,843.08,0
81297,No,3.Graduate School,Single,34,3615.0066,3615.0066,0
18066,Yes,2.University,Married,42,840.069,840.069,0
108396,No,2.University,Single,38,33482.6211,2410.3055,0
75275,Yes,1.High School,Single,35,2550.9192,2550.9192,0
27099,Yes,3.Graduate School,Single,24,4373.7786,481.76,0
108396,No,3.Graduate School,Single,28,120.7411,120.7411,0
15055,No,1.High School,Single,26,9221.4886,462.7907,0
60220,Yes,3.Graduate School,Single,29,2517.196,2517.196,0
48176,Yes,2.University,Single,60,1552.4716,1552.4716,0
24088,Yes,1.High School,Married,49,1397.4051,1397.4051,0
87319,No,3.Graduate School,Married,53,84917.4264,3914.3,0
81297,Yes,3.Graduate School,Single,28,143.0225,143.0225,0
24088,No,3.Graduate School,Single,31,9702.3453,4109.1117,0
15055,No,2.University,Single,36,1811.1165,391.43,0
9033,No,2.University,Married,35,809.0557,809.0557,0
27099,No,2.University,Single,33,8778.5705,4563.1705,0
48176,No,3.Graduate School,Single,26,1127.9206,1127.9206,0
24088,Yes,1.High School,Single,53,23471.9494,1204.4,0
6022,Yes,3.Graduate School,Single,25,4715.5271,481.76,0
63231,No,1.High School,Single,25,7116.1974,7116.1974,0
78286,Yes,2.University,Married,31,6983.7134,6983.7134,0
69253,Yes,3.Graduate School,Married,30,7822.8791,1505.5,0
48176,No,3.Graduate School,Single,34,25265.9032,1204.4,0
15055,No,3.Graduate School,Married,35,1812.0198,339.3397,0
24088,No,2.University,Married,32,13837.0505,645.8595,0
33121,No,1.High School,Single,46,17426.1625,807.2491,0
60220,No,3.Graduate School,Married,43,42396.0844,1532.599,0
108396,No,2.University,Single,29,79300.1048,2839.0719,0
24088,Yes,2.University,Single,24,22658.9794,978.2739,0
90330,Yes,2.University,Married,36,1563.0101,1563.0101,0
93341,Yes,2.University,Married,43,7281.2002,429.3686,0
9033,No,1.High School,Married,59,117.429,117.429,0
51187,No,3.Graduate School,Married,53,5397.8197,398.3553,0
42154,Yes,2.University,Single,28,8678.6053,905.4077,0
15055,No,3.Graduate School,Single,34,6654.0089,0,1
15055,Yes,2.University,Married,36,3119.0949,406.7861,0
33121,Yes,3.Graduate School,Single,24,10667.3708,602.2,0
135495,Yes,1.High School,Married,36,2746.032,2746.032,0
60220,Yes,2.University,Married,34,117.429,117.429,0
66242,No,3.Graduate School,Single,43,7749.1096,302.9066,0
15055,No,2.University,Married,37,14671.6997,602.2,0
12044,No,2.University,Single,23,8894.7951,0,1
57209,Yes,2.University,Married,37,35486.4416,1806.6,0
45165,No,3.Graduate School,Single,33,6975.8848,632.31,0
81297,Yes,2.University,Married,56,37266.8459,1505.5,0
18066,No,3.Graduate School,Single,25,16029.0585,607.6198,0
60220,Yes,2.University,Married,39,23817.01,998.1465,0
45165,Yes,2.University,Married,39,10895.0024,903.3,0
6022,Yes,2.University,Single,24,4181.6768,372.4607,0
21077,No,3.Graduate School,Married,46,16643.0014,782.86,0
69253,No,3.Graduate School,Married,39,198.726,198.726,0
9033,No,1.High School,Married,48,8719.856,441.1115,0
15055,Yes,2.University,Single,23,8447.6616,602.2,0
6022,Yes,1.High School,Married,25,4950.6862,347.7705,0
33121,No,1.High School,Married,56,10766.7338,1230.2946,0
15055,Yes,1.High School,Married,49,1995.9919,333.3177,0
15055,No,2.University,Married,41,6479.672,410.0982,0
120440,Yes,3.Graduate School,Single,40,596.4791,596.4791,0
51187,No,2.University,Single,31,17503.5452,903.3,0
84308,No,2.University,Married,42,44692.8752,2077.59,0
39143,Yes,1.High School,Married,28,15192.3016,752.75,0
63231,Yes,2.University,Single,32,15201.3346,1505.5,0
111407,No,2.University,Single,28,71970.4275,6022,0
9033,Yes,2.University,Married,31,5851.2763,963.52,0
24088,Yes,2.University,Single,24,23275.9333,933.41,0
84308,Yes,2.University,Married,44,54733.6569,0,1
72264,Yes,2.University,Single,26,2258.25,301.1,0
3011,No,2.University,Single,33,2749.3441,752.75,0
84308,No,2.University,Married,39,1071.0127,1071.0127,0
87319,Yes,1.High School,Single,27,4701.3754,602.2,0
57209,Yes,3.Graduate School,Single,28,14653.3326,752.75,0
24088,Yes,3.Graduate School,Single,23,11469.2001,1354.95,0
84308,Yes,2.University,Single,28,89.7278,0,1
48176,Yes,3.Graduate School,Married,33,2440.7166,2440.7166,0
15055,No,3.Graduate School,Single,22,1794.556,391.43,0
12044,Yes,2.University,Married,32,7653.0587,602.2,0
21077,Yes,1.High School,Married,27,18882.2821,906.6121,0
9033,Yes,2.University,Married,35,7689.4918,451.65,0
6022,Yes,3.Graduate School,Married,30,2261.5621,602.2,0
6022,No,2.University,Married,34,4270.5013,463.9951,0
30110,Yes,3.Graduate School,Single,28,24793.1762,1083.96,0
9033,No,2.University,Single,25,722.64,0,1
96352,Yes,3.Graduate School,Married,41,30011.2392,1360.972,0
27099,No,1.High School,Single,42,19018.6804,0,1
57209,No,2.University,Single,40,47201.9415,4516.5,0
60220,No,3.Graduate School,Single,28,36773.0419,15696.0419,0
90330,Yes,2.University,Single,31,326.0913,326.0913,0
9033,Yes,3.Graduate School,Single,56,5122.6143,386.3113,0
69253,Yes,3.Graduate School,Married,35,1635.5752,376.375,0
93341,Yes,2.University,Single,28,32806.3505,2408.8,0
96352,No,3.Graduate School,Married,40,72615.3837,3011,0
51187,Yes,2.University,Single,27,50043.4222,2258.25,0
42154,No,3.Graduate School,Married,40,37822.9776,1297.741,0
24088,No,2.University,Single,32,15618.6592,557.9383,0
45165,No,2.University,Single,35,21747.5497,6022,0
60220,Yes,2.University,Married,29,47259.1505,1855.6793,0
21077,No,3.Graduate School,Single,30,17924.1819,1746.38,0
96352,No,2.University,Married,37,149.9478,149.9478,0
15055,Yes,3.Graduate School,Married,34,8593.0929,381.4937,0
84308,No,3.Graduate School,Married,41,12436.0322,12436.0322,0
90330,Yes,3.Graduate School,Single,31,13031.608,498.3205,0
60220,Yes,3.Graduate School,Married,27,31.6155,31.6155,0
3011,Yes,1.High School,Single,22,2944.1558,602.2,0
15055,No,3.Graduate School,Single,26,4935.6312,451.65,0
9033,Yes,1.High School,Married,46,3554.7866,0,1
6022,No,2.University,Single,24,2191.7069,301.1,0
6022,No,2.University,Single,49,5268.3467,433.8851,0
108396,Yes,3.Graduate School,Married,30,4290.3739,0,1
120440,Yes,3.Graduate School,Single,31,230.9437,230.9437,0
15055,Yes,2.University,Married,49,9718.0025,485.6743,0
48176,Yes,2.University,Single,27,24189.4707,1204.4,0
21077,Yes,2.University,Married,33,20758.7373,717.2202,0
24088,Yes,2.University,Single,48,12611.5735,903.3,0
9033,Yes,2.University,Single,22,8569.0049,1595.83,0
3011,No,2.University,Single,22,2905.3139,602.2,0
54198,Yes,3.Graduate School,Single,27,1005.0718,1005.0718,0
96352,No,3.Graduate School,Married,47,4191.312,4191.312,0
24088,Yes,2.University,Single,34,8192.931,602.2,0
3011,No,2.University,Married,45,2534.0576,421.54,0
108396,Yes,2.University,Single,39,1343.5082,1343.5082,0
99363,Yes,2.University,Single,29,40334.4527,27099,0
18066,No,3.Graduate School,Single,29,76.7805,0,1
15055,Yes,1.High School,Single,26,3320.8319,371.5574,0
60220,No,2.University,Married,38,47002.9144,1806.6,0
36132,No,3.Graduate School,Single,34,192.4029,0,1
33121,No,2.University,Married,57,12360.155,694.3366,0
45165,Yes,1.High School,Single,28,30677.8746,1204.4,0
183671,Yes,3.Graduate School,Single,31,38121.0666,1969.194,0
33121,Yes,3.Graduate School,Single,25,28534.0426,1308.5806,0
24088,Yes,2.University,Single,25,5798.5838,903.3,0
51187,Yes,2.University,Married,33,23959.7314,1318.818,0
33121,Yes,3.Graduate School,Single,30,602.5011,602.5011,0
42154,Yes,3.Graduate School,Married,51,17448.745,636.8265,0
21077,No,3.Graduate School,Single,51,13024.6827,903.3,0
78286,Yes,2.University,Married,46,8609.0512,3011,0
51187,No,1.High School,Single,38,6912.3527,602.2,0
15055,Yes,2.University,Married,34,3576.1647,367.6431,0
90330,Yes,1.High School,Married,34,82893.7333,3312.1,0
45165,Yes,3.Graduate School,Single,31,117.429,117.429,0
15055,Yes,2.University,Single,25,11171.4122,0,1
27099,Yes,3.Graduate School,Single,25,26296.2674,1204.4,0
15055,No,2.University,Single,26,14087.5657,632.31,0
150550,Yes,2.University,Single,43,13241.1736,1206.2066,0
141517,Yes,2.University,Married,36,479.6523,302.6055,0
69253,No,2.University,Single,58,33873.4489,1686.16,0
42154,Yes,2.University,Single,26,1815.633,602.2,0
69253,Yes,2.University,Married,30,3056.7672,367.9442,0
126462,Yes,2.University,Single,31,6422.463,454.3599,0
15055,Yes,2.University,Single,52,13055.696,391.43,0
78286,Yes,2.University,Married,35,20369.415,20369.415,0
27099,Yes,1.High School,Single,29,940.3353,0,1
153561,Yes,3.Graduate School,Single,35,637.1276,336.3287,0
33121,Yes,2.University,Married,35,13871.677,740.706,0
63231,Yes,3.Graduate School,Single,28,1125.5118,1125.5118,0
60220,Yes,3.Graduate School,Married,35,1282.9871,1282.9871,0
108396,Yes,2.University,Single,53,4578.5266,4578.5266,0
78286,No,3.Graduate School,Single,44,95.1476,95.1476,0
6022,No,2.University,Married,33,2870.9885,353.4914,0
36132,Yes,2.University,Married,32,34960.721,1655.4478,0
15055,Yes,3.Graduate School,Single,33,1559.698,11.7429,0
18066,Yes,3.Graduate School,Single,26,6520.9227,0,1
60220,No,3.Graduate School,Single,26,4866.9804,4866.9804,0
6022,No,2.University,Single,26,379.6871,379.6871,0
15055,Yes,3.Graduate School,Married,32,14821.0453,752.75,0
69253,No,3.Graduate School,Single,29,13417.9193,1505.5,0
15055,No,2.University,Married,27,904.2033,657.6024,0
30110,Yes,3.Graduate School,Single,28,24537.5423,1141.169,0
69253,Yes,2.University,Married,32,22138.6786,791.893,0
69253,Yes,3.Graduate School,Married,35,57.5101,57.5101,0
24088,No,2.University,Single,29,3699.6157,386.6124,0
18066,Yes,2.University,Single,29,17413.5163,1505.5,0
9033,Yes,2.University,Single,51,7973.128,541.98,0
21077,No,3.Graduate School,Single,27,82.2003,82.2003,0
15055,Yes,3.Graduate School,Married,34,14548.2487,698.552,0
30110,Yes,2.University,Married,30,22387.3872,843.08,0
15055,Yes,3.Graduate School,Single,22,2875.2039,413.1092,0
30110,Yes,3.Graduate School,Single,48,5404.4439,952.6804,0
63231,Yes,2.University,Married,35,10765.5294,602.2,0
120440,No,3.Graduate School,Single,37,3822.4645,3822.4645,0
90330,Yes,3.Graduate School,Married,36,7527.8011,515.7843,0
24088,Yes,2.University,Single,23,2064.9438,2064.9438,0
6022,Yes,1.High School,Single,36,5682.6603,722.64,0
57209,Yes,3.Graduate School,Single,26,9674.0419,526.925,0
210770,Yes,3.Graduate School,Married,39,30816.0795,1505.5,0
90330,Yes,1.High School,Married,29,6423.3663,602.2,0
36132,No,1.High School,Married,33,20295.6455,903.3,0
84308,Yes,2.University,Married,39,68940.7593,6112.33,0
21077,No,1.High School,Married,51,15471.7224,0,1
6022,Yes,1.High School,Single,24,152.6577,152.6577,0
45165,Yes,2.University,Married,45,784.3655,784.3655,0
18066,No,3.Graduate School,Single,30,1239.3276,1239.3276,0
15055,Yes,2.University,Single,24,14477.4902,602.2,0
45165,No,2.University,Married,50,17540.5805,1531.0935,0
12044,No,3.Graduate School,Single,27,3453.9181,602.2,0
51187,Yes,2.University,Single,33,2120.3462,2120.3462,0
15055,Yes,2.University,Married,24,7940.6092,0,1
3011,No,2.University,Single,37,2456.3738,351.3837,0
60220,Yes,2.University,Married,58,60100.1622,60100.1622,0
15055,Yes,2.University,Married,48,1413.9656,710.596,0
96352,No,3.Graduate School,Single,28,1046.9247,602.2,0
141517,Yes,2.University,Married,27,18693.4924,903.6011,0
6022,Yes,3.Graduate School,Single,23,5115.0868,602.2,0
24088,Yes,2.University,Single,23,7177.3207,481.76,0
33121,Yes,2.University,Married,55,4854.6353,481.76,0
126462,No,2.University,Married,34,24022.6613,9033,0
24088,Yes,2.University,Single,22,23925.1049,602.2,0
105385,Yes,2.University,Married,31,20642.5127,915.0429,0
150550,No,1.High School,Married,39,99986.5781,7527.5,0
147539,Yes,3.Graduate School,Married,38,1426.6118,1426.6118,0
24088,Yes,1.High School,Married,57,218.5986,0,1
12044,Yes,2.University,Single,23,6445.3466,602.2,0
42154,Yes,2.University,Single,23,13291.7584,632.31,0
15055,Yes,1.High School,Single,49,2029.7151,602.2,0
9033,Yes,2.University,Single,25,7909.5959,401.3663,0
12044,Yes,3.Graduate School,Single,29,8859.8675,1023.74,0
30110,Yes,1.High School,Married,43,15531.3402,662.42,0
78286,No,3.Graduate School,Married,41,859.0383,859.0383,0
9033,Yes,1.High School,Single,52,737.695,0,1
60220,No,3.Graduate School,Single,32,13416.1127,523.6129,0
9033,Yes,2.University,Married,46,8693.9614,446.8324,0
42154,Yes,2.University,Married,39,27200.4707,903.3,0
24088,Yes,1.High School,Married,40,11165.3902,602.2,0
150550,Yes,1.High School,Married,38,2514.4861,2514.4861,0
54198,No,3.Graduate School,Married,45,996.641,996.641,0
45165,No,3.Graduate School,Single,33,15133.8882,1806.6,0
84308,Yes,2.University,Single,27,1557.8914,1557.8914,0
15055,Yes,2.University,Married,43,7401.038,541.98,0
6022,Yes,2.University,Married,43,4919.974,391.43,0
69253,Yes,3.Graduate School,Single,38,68443.3421,2634.625,0
15055,No,1.High School,Single,57,14589.8005,598.5868,0
21077,Yes,2.University,Single,23,15598.1844,903.3,0
93341,No,3.Graduate School,Single,30,496.2128,391.43,0
54198,Yes,2.University,Married,30,4057.6236,4057.6236,0
27099,Yes,2.University,Single,24,6856.3481,437.7994,0
117429,No,2.University,Single,28,42091.9734,2422.6506,0
45165,Yes,1.High School,Married,34,101.4707,101.4707,0
120440,No,2.University,Single,37,4536.3726,909.0209,0
24088,Yes,2.University,Married,32,7736.7645,379.0849,0
96352,No,3.Graduate School,Single,27,60088.4193,1821.0528,0
60220,No,3.Graduate School,Single,31,30.11,30.11,0
51187,Yes,3.Graduate School,Single,28,40316.3867,1686.16,0
60220,No,3.Graduate School,Married,36,3461.4456,3461.4456,0
66242,No,2.University,Single,25,46939.3823,3011,0
24088,Yes,2.University,Single,40,17655.6007,662.42,0
15055,No,3.Graduate School,Single,30,1551.2672,692.53,0
36132,Yes,2.University,Single,26,3733.3389,451.65,0
15055,No,3.Graduate School,Single,27,2973.6636,903.3,0
108396,Yes,3.Graduate School,Single,27,8267.0016,8267.0016,0
150550,No,3.Graduate School,Single,32,116799.701,7532.3176,0
42154,Yes,1.High School,Married,46,21068.5692,903.3,0
9033,No,1.High School,Married,45,7239.9495,2378.69,0
21077,No,1.High School,Married,30,6205.9721,407.0872,0
105385,No,3.Graduate School,Married,48,14446.1758,628.3957,0
27099,Yes,3.Graduate School,Single,23,7530.8121,1806.6,0
15055,Yes,3.Graduate School,Single,24,8521.13,541.98,0
33121,No,3.Graduate School,Married,40,3934.1726,1499.478,0
6022,Yes,3.Graduate School,Single,24,239.6756,239.6756,0
9033,Yes,2.University,Single,24,8554.8532,532.0437,0
54198,No,3.Graduate School,Single,27,4422.5568,1053.85,0
6022,No,2.University,Married,46,2037.5437,337.8342,0
54198,Yes,3.Graduate School,Single,36,6382.4167,6382.4167,0
60220,No,3.Graduate School,Married,34,1206.2066,1206.2066,0
78286,Yes,2.University,Single,24,18182.2246,752.75,0
96352,No,3.Graduate School,Married,60,1043.3115,1043.3115,0
9033,No,2.University,Single,32,2729.4715,451.65,0
15055,Yes,2.University,Married,36,5312.9095,395.6454,0
15055,No,2.University,Single,30,1955.6445,602.2,0
27099,Yes,2.University,Single,29,15682.4924,3011,0
72264,No,3.Graduate School,Single,34,1800.2769,0,1
54198,Yes,2.University,Married,32,4519.2099,0,1
60220,Yes,2.University,Married,32,3068.209,3068.209,0
15055,Yes,3.Graduate School,Single,25,10426.7919,572.09,0
15055,No,2.University,Married,44,379.6871,379.6871,0
24088,Yes,2.University,Single,24,361.32,0,1
15055,Yes,2.University,Single,23,1187.5384,1187.5384,0
108396,Yes,3.Graduate School,Single,29,2461.1914,301.1,0
72264,Yes,2.University,Married,37,65356.1638,2448.2441,0
15055,No,2.University,Married,59,14597.0269,653.0859,0
141517,No,2.University,Single,33,54561.4277,12047.6132,0
48176,Yes,1.High School,Married,51,301.1,0,1
9033,No,3.Graduate School,Married,27,4060.0324,605.5121,0
150550,Yes,1.High School,Single,42,7872.5606,7872.5606,0
54198,No,2.University,Single,39,849.7042,849.7042,0
33121,Yes,2.University,Married,46,647.6661,647.6661,0
48176,No,3.Graduate School,Married,41,3378.9442,3378.9442,0
63231,Yes,2.University,Single,30,6315.2714,398.9575,0
60220,Yes,3.Graduate School,Married,34,2024.2953,337.232,0
105385,No,3.Graduate School,Single,35,10153.092,10153.092,0
9033,No,2.University,Single,47,119.2356,119.2356,0
60220,No,2.University,Single,31,10803.1669,903.3,0
9033,No,2.University,Single,30,8633.1392,481.76,0
15055,No,2.University,Single,24,3664.6881,911.4297,0
150550,No,3.Graduate School,Married,36,88198.212,6024.1077,0
66242,Yes,3.Graduate School,Married,36,1235.1122,1235.1122,0
54198,Yes,2.University,Married,32,9234.737,602.2,0
90330,No,3.Graduate School,Married,42,18618.2174,6316.7769,0
54198,Yes,1.High School,Married,39,3820.6579,815.981,0
42154,No,2.University,Married,30,38335.7509,1505.5,0
6022,No,2.University,Single,25,2271.1973,602.2,0
54198,No,2.University,Single,26,1992.9809,339.0386,0
45165,Yes,1.High School,Married,54,43729.0541,1656.05,0
21077,Yes,3.Graduate School,Single,24,19646.1728,903.3,0
150550,No,3.Graduate School,Single,36,24468.5904,24468.5904,0
18066,No,1.High School,Married,49,12509.1995,903.3,0
78286,Yes,2.University,Married,33,40827.0523,1826.7737,0
108396,Yes,2.University,Single,25,87526.759,3249.4712,0
78286,Yes,3.Graduate School,Married,44,257.7416,0,1
24088,Yes,2.University,Single,27,17659.2139,662.42,0
108396,Yes,3.Graduate School,Single,25,51014.1686,2108.9044,0
42154,No,3.Graduate School,Married,45,12284.5789,481.76,0
36132,No,2.University,Single,25,33156.8309,0,1
30110,No,2.University,Married,29,28863.446,999.652,0
60220,Yes,2.University,Married,28,26132.469,1505.5,0
45165,Yes,1.High School,Single,30,2909.8304,2909.8304,0
42154,No,3.Graduate School,Single,29,1550.665,609.4264,0
51187,Yes,2.University,Married,37,50934.9793,2017.37,0
9033,No,2.University,Single,34,7416.9963,1656.05,0
84308,No,3.Graduate School,Single,31,51356.8204,2659.6163,0
123451,Yes,3.Graduate School,Married,31,614.5451,614.5451,0
135495,No,3.Graduate School,Single,38,16051.9421,9130.2553,0
24088,No,2.University,Single,36,15709.5914,602.2,0
108396,No,3.Graduate School,Married,46,22956.7673,3048.6375,0
39143,Yes,3.Graduate School,Married,36,32238.777,1505.5,0
42154,Yes,1.High School,Single,57,40372.3913,2030.3173,0
45165,Yes,2.University,Single,25,38034.0487,1505.5,0
63231,Yes,1.High School,Married,37,32854.5265,1505.5,0
60220,Yes,3.Graduate School,Married,35,3303.3681,367.0409,0
93341,No,2.University,Single,33,1218.8528,1218.8528,0
54198,No,3.Graduate School,Married,38,45233.3497,2109.2055,0
90330,No,2.University,Single,31,10741.4414,481.76,0
135495,Yes,3.Graduate School,Single,41,22607.4913,22607.4913,0
60220,No,3.Graduate School,Single,33,1043.3115,1043.3115,0
120440,Yes,3.Graduate School,Married,40,1171.5801,1171.5801,0
51187,No,3.Graduate School,Single,33,331.21,331.21,0
42154,Yes,3.Graduate School,Single,31,98.1586,0,1
60220,Yes,2.University,Single,35,19741.6215,903.3,0
18066,No,2.University,Single,27,12760.9191,0,1
45165,No,3.Graduate School,Single,23,25104.5136,23490.6176,0
54198,No,1.High School,Married,54,41328.986,1455.5174,0
15055,Yes,1.High School,Single,23,10057.6433,602.2,0
69253,Yes,2.University,Single,52,1187.2373,1187.2373,0
33121,Yes,2.University,Married,42,15932.4054,631.1056,0
9033,Yes,3.Graduate School,Single,23,7471.7965,752.75,0
66242,No,1.High School,Married,30,51365.2512,3011,0
42154,Yes,1.High School,Single,24,13772.0129,1150.5031,0
30110,No,2.University,Married,49,9305.7966,605.5121,0
33121,No,2.University,Single,31,84.0069,0,1
81297,Yes,1.High School,Single,33,3011,3011,0
9033,No,3.Graduate School,Married,42,5144.2935,459.1775,0
6022,No,2.University,Single,23,5012.7128,451.65,0
57209,Yes,3.Graduate School,Single,33,32560.0507,0,1
6022,Yes,2.University,Married,29,4213.8945,602.2,0
24088,Yes,1.High School,Married,67,5686.2735,1806.6,0
18066,Yes,1.High School,Married,34,3390.6871,451.65,0
15055,No,2.University,Married,49,2636.1305,453.7577,0
90330,No,3.Graduate School,Married,42,26983.9798,1273.3519,0
81297,Yes,2.University,Married,25,72113.1489,71994.2144,0
30110,No,1.High School,Single,30,21771.9388,1256.1892,0
72264,No,2.University,Single,43,87.6201,87.6201,0
60220,No,3.Graduate School,Single,40,228.836,228.836,0
33121,Yes,3.Graduate School,Single,35,10943.1784,1354.95,0
69253,No,3.Graduate School,Married,61,1113.7689,1113.7689,0
45165,Yes,2.University,Married,44,1536.8144,1536.8144,0
105385,No,3.Graduate School,Single,33,2437.4045,2437.4045,0
45165,Yes,2.University,Single,40,1172.4834,1172.4834,0
30110,No,1.High School,Single,47,28643.643,1170.9779,0
150550,No,3.Graduate School,Single,27,60716.2128,2238.3774,0
150550,No,3.Graduate School,Single,35,21080.3121,17692.9371,0
54198,Yes,1.High School,Married,47,95.1476,95.1476,0
120440,Yes,1.High School,Married,39,1053.85,1053.85,0
30110,Yes,2.University,Single,29,14922.516,574.4988,0
3011,No,2.University,Married,32,2453.3628,0,1
18066,Yes,3.Graduate School,Single,30,10205.7845,0,1
15055,Yes,3.Graduate School,Single,25,14455.2088,602.2,0
24088,Yes,2.University,Single,23,17611.0379,645.8595,0
123451,Yes,2.University,Married,41,109499.8326,4396.06,0
9033,Yes,1.High School,Married,35,7977.9456,451.65,0
93341,Yes,3.Graduate School,Single,28,11329.7908,752.75,0
21077,Yes,2.University,Single,38,7107.7666,420.6367,0
75275,No,3.Graduate School,Single,31,59765.339,2061.0295,0
63231,No,1.High School,Married,29,58425.444,0,1
15055,No,2.University,Single,31,13573.2869,0,1
201737,No,3.Graduate School,Single,29,73230.2299,3011,0
39143,No,3.Graduate School,Single,26,9718.9058,9718.9058,0
33121,No,3.Graduate School,Married,50,11505.031,602.2,0
63231,Yes,1.High School,Single,46,1679.8369,3.9143,0
9033,Yes,2.University,Single,24,8128.4956,1042.4082,0
78286,Yes,2.University,Married,46,5888.3116,883.4274,0
45165,Yes,1.High School,Single,28,690.1212,690.1212,0
114418,Yes,3.Graduate School,Married,40,16397.0027,14782.2034,0
36132,Yes,2.University,Married,47,756.3632,756.3632,0
24088,No,2.University,Married,54,23926.3093,1204.4,0
33121,No,2.University,Single,29,25701.896,1174.29,0
15055,Yes,1.High School,Married,44,46.6705,46.6705,0
27099,Yes,2.University,Married,24,24041.9317,1507.3066,0
33121,No,3.Graduate School,Single,33,26597.3674,24089.2044,0
15055,No,1.High School,Married,54,11947.9491,602.2,0
45165,Yes,2.University,Single,37,24844.6643,1008.0828,0
6022,No,3.Graduate School,Single,24,5424.6176,6.022,0
36132,Yes,2.University,Married,34,270.3878,270.3878,0
60220,Yes,2.University,Single,40,53083.0267,2408.8,0
15055,No,2.University,Single,26,14943.2919,774.1281,0
60220,Yes,2.University,Married,41,5530.3037,417.0235,0
30110,Yes,2.University,Single,29,25676.6036,3011,0
150550,Yes,3.Graduate School,Single,35,4245.51,4245.51,0
108396,Yes,2.University,Married,52,722.9411,722.9411,0
15055,Yes,2.University,Married,36,14791.5375,1415.17,0
6022,No,2.University,Single,28,4732.6898,150.55,0
15055,No,2.University,Married,41,6149.6664,512.7733,0
39143,Yes,1.High School,Married,44,33198.0816,1354.95,0
69253,Yes,1.High School,Single,47,36690.5405,3011,0
9033,Yes,3.Graduate School,Single,25,6157.1939,903.3,0
60220,Yes,3.Graduate School,Married,39,2100.7747,1127.9206,0
30110,Yes,2.University,Married,35,28684.2915,1385.06,0
72264,No,2.University,Married,32,40932.1362,3131.44,0
21077,Yes,3.Graduate School,Single,31,722.64,0,1
108396,No,3.Graduate School,Single,33,18232.5083,0,1
15055,No,2.University,Married,52,461.2852,0,1
63231,Yes,2.University,Married,36,177.649,177.649,0
84308,No,3.Graduate School,Single,30,56580.6043,301.1,0
54198,Yes,2.University,Single,42,15602.3998,752.75,0
45165,Yes,3.Graduate School,Single,30,1630.7576,301.1,0
6022,No,1.High School,Married,47,5762.1507,0,1
105385,Yes,2.University,Married,29,1771.0702,1771.0702,0
39143,Yes,3.Graduate School,Single,23,794.904,794.904,0
69253,Yes,2.University,Married,44,504.9447,504.9447,0
63231,Yes,2.University,Married,39,10373.1961,4215.4,0
60220,No,3.Graduate School,Single,52,34197.7336,1661.1687,0
15055,Yes,1.High School,Married,59,10986.5368,604.9099,0
24088,Yes,3.Graduate School,Single,23,2013.4557,2013.4557,0
9033,Yes,1.High School,Single,48,1026.751,602.2,0
42154,Yes,3.Graduate School,Single,28,4099.1754,1445.28,0
24088,No,1.High School,Married,62,494.4062,494.4062,0
66242,Yes,1.High School,Married,38,1038.795,1038.795,0
54198,Yes,3.Graduate School,Single,32,200.5326,200.5326,0
42154,Yes,2.University,Married,29,27722.5781,6072.2837,0
54198,No,2.University,Single,25,3868.2317,903.3,0
15055,Yes,2.University,Single,35,4725.4634,511.87,0
51187,Yes,2.University,Single,27,23642.372,882.8252,0
15055,No,2.University,Single,24,6268.2998,451.65,0
27099,Yes,2.University,Married,55,25194.2414,1205.3033,0
60220,Yes,3.Graduate School,Single,29,58240.2675,3613.2,0
138506,No,3.Graduate School,Single,29,116042.1334,4844.0968,0
3011,No,2.University,Single,23,1251.9738,332.4144,0
6022,No,2.University,Married,30,853.6185,853.6185,0
15055,Yes,2.University,Married,50,555.8306,555.8306,0
144528,Yes,2.University,Married,38,22913.4089,9033,0
54198,Yes,3.Graduate School,Single,24,52551.5852,2408.8,0
72264,Yes,3.Graduate School,Single,29,699.1542,602.2,0
75275,No,3.Graduate School,Single,38,990.9201,990.9201,0
81297,Yes,2.University,Single,34,1016.5136,1016.5136,0
60220,No,3.Graduate School,Married,37,3356.6628,3356.6628,0
48176,Yes,3.Graduate School,Married,39,200.5326,200.5326,0
39143,No,2.University,Married,44,6971.6694,0,1
102374,Yes,1.High School,Single,44,43697.1375,2107.7,0
108396,No,3.Graduate School,Married,36,118.6334,118.6334,0
36132,Yes,1.High School,Married,40,32680.7918,1505.5,0
36132,No,3.Graduate School,Single,29,9418.7091,602.2,0
90330,Yes,3.Graduate School,Single,48,70786.5023,3012.5055,0
63231,Yes,2.University,Married,50,32895.4761,1215.5407,0
63231,Yes,2.University,Married,29,37235.2304,1531.9968,0
21077,Yes,1.High School,Married,49,6560.969,421.54,0
60220,No,2.University,Married,33,3172.6907,3017.9253,0
69253,Yes,2.University,Married,51,16246.1516,903.3,0
6022,No,1.High School,Married,23,5816.0476,5816.0476,0
48176,Yes,1.High School,Single,26,117.429,117.429,0
87319,Yes,3.Graduate School,Married,30,395.0432,395.0432,0
24088,Yes,1.High School,Married,26,19319.1782,602.2,0
108396,No,3.Graduate School,Single,43,640.7408,640.7408,0
69253,No,3.Graduate School,Single,32,50022.9474,2205.8586,0
15055,Yes,3.Graduate School,Single,22,2887.8501,361.32,0
9033,Yes,3.Graduate School,Single,24,445.3269,445.3269,0
45165,Yes,2.University,Married,42,683.497,683.497,0
150550,Yes,2.University,Married,50,26127.0492,26127.0492,0
27099,Yes,2.University,Married,23,4287.9651,752.75,0
204748,No,3.Graduate School,Single,37,4844.0968,812.97,0
15055,No,3.Graduate School,Married,47,14444.9714,903.3,0
30110,Yes,2.University,Married,40,98.1586,98.1586,0
9033,No,2.University,Single,54,7457.3437,511.87,0
15055,No,2.University,Single,27,3993.1882,1248.3606,0
18066,No,3.Graduate School,Married,33,2277.8215,2277.8215,0
24088,Yes,2.University,Married,35,2949.5756,2949.5756,0
150550,No,3.Graduate School,Married,45,28.3034,28.3034,0
21077,Yes,1.High School,Married,32,5218.063,0,1
3011,No,1.High School,Single,35,2685.2098,353.4914,0
27099,No,3.Graduate School,Single,26,30.11,30.11,0
51187,No,3.Graduate School,Married,39,24109.9803,2107.7,0
54198,Yes,1.High School,Single,42,18444.1816,3011,0
105385,Yes,3.Graduate School,Married,52,722.64,0,1
81297,No,2.University,Single,35,66302.8222,2709.9,0
60220,Yes,3.Graduate School,Single,29,7700.3314,304.4121,0
6022,Yes,3.Graduate School,Single,22,4606.5289,481.76,0
30110,No,2.University,Single,30,14128.2142,903.3,0
87319,No,3.Graduate School,Married,46,60054.6961,3235.0184,0
21077,No,1.High School,Single,28,20266.4388,0,1
69253,No,3.Graduate School,Single,26,111.7081,111.7081,0
54198,Yes,3.Graduate School,Single,28,1315.5059,1315.5059,0
63231,No,3.Graduate School,Single,33,87.6201,87.6201,0
15055,No,3.Graduate School,Single,24,14696.0888,0,1
45165,No,3.Graduate School,Single,37,13364.6246,903.3,0
15055,No,2.University,Married,44,13858.7297,458.8764,0
45165,Yes,1.High School,Married,43,285.4428,285.4428,0
66242,No,2.University,Single,29,36986.8229,1507.9088,0
66242,Yes,2.University,Married,32,59478.0896,2167.92,0
21077,Yes,2.University,Single,34,7532.0165,451.65,0
36132,No,2.University,Single,37,5022.348,301.1,0
54198,Yes,2.University,Single,32,5150.9177,476.3402,0
111407,Yes,3.Graduate School,Married,53,2454.8683,2454.8683,0
6022,Yes,3.Graduate School,Single,26,2796.6168,322.7792,0
45165,No,2.University,Married,34,40690.654,1329.0554,0
6022,No,3.Graduate School,Single,26,125.2576,125.2576,0
144528,Yes,2.University,Married,54,1810.5143,1810.5143,0
15055,No,1.High School,Single,26,8024.0139,602.2,0
51187,No,2.University,Single,31,7711.4721,520.3008,0
60220,Yes,3.Graduate School,Single,31,12354.4341,912.6341,0
78286,No,1.High School,Married,34,3762.8467,636.5254,0
132484,Yes,2.University,Single,26,27238.1082,1057.7643,0
150550,No,2.University,Married,43,2450.954,457.0698,0
69253,Yes,2.University,Married,29,13521.7988,903.3,0
141517,No,2.University,Married,41,3686.0662,3686.0662,0
6022,Yes,1.High School,Married,48,5041.3173,812.97,0
63231,Yes,2.University,Single,24,33435.9506,1746.38,0
6022,Yes,1.High School,Married,53,4002.2212,481.76,0
60220,Yes,2.University,Married,34,228.2338,228.2338,0
75275,Yes,2.University,Single,36,8195.0387,8195.0387,0
90330,No,2.University,Single,41,9381.9749,443.2192,0
96352,Yes,3.Graduate School,Single,30,27205.5894,1510.6187,0
15055,No,2.University,Single,29,10929.0267,0,1
60220,Yes,2.University,Married,34,743.4159,743.4159,0
24088,Yes,3.Graduate School,Single,29,5408.6593,392.3333,0
21077,No,2.University,Married,37,2005.0249,0,1
18066,No,1.High School,Single,36,16662.5729,0,1
42154,No,2.University,Single,26,40759.0037,1857.4859,0
9033,No,2.University,Single,25,2464.5035,391.43,0
57209,No,2.University,Married,49,130.9785,130.9785,0
21077,Yes,3.Graduate School,Single,23,941.8408,941.8408,0
33121,Yes,2.University,Single,24,2592.471,799.1194,0
81297,No,1.High School,Married,47,50836.8207,1866.82,0
48176,No,2.University,Married,31,8151.9814,451.65,0
6022,No,2.University,Single,24,5525.185,0,1
96352,No,2.University,Single,32,7049.3532,903.3,0
129473,No,3.Graduate School,Single,31,11834.7355,3011,0
15055,Yes,3.Graduate School,Married,37,2308.8348,361.32,0
42154,No,2.University,Married,48,1509.1132,1509.1132,0
150550,No,2.University,Married,49,1920.4158,1920.4158,0
24088,No,1.High School,Married,45,7960.1807,448.639,0
117429,Yes,3.Graduate School,Single,31,1886.6926,1886.6926,0
30110,Yes,3.Graduate School,Married,35,17710.0998,642.5474,0
108396,Yes,3.Graduate School,Married,42,56293.9571,3012.5055,0
42154,No,3.Graduate School,Single,36,341.7485,341.7485,0
33121,No,2.University,Married,51,14128.2142,602.2,0
51187,No,1.High School,Married,48,95.1476,95.1476,0
51187,No,2.University,Married,48,41310.6189,1624.7356,0
54198,Yes,2.University,Single,25,1735.8415,378.4827,0
42154,No,2.University,Married,41,33626.5469,1686.16,0
6022,Yes,2.University,Married,49,4017.2762,607.6198,0
15055,Yes,2.University,Single,28,14909.8698,758.1698,0
90330,Yes,1.High School,Single,29,8458.5012,8458.5012,0
21077,Yes,2.University,Single,26,13127.96,602.2,0
60220,Yes,1.High School,Single,49,5706.1461,5706.1461,0
60220,Yes,3.Graduate School,Married,34,2045.6734,2045.6734,0
15055,Yes,3.Graduate School,Single,22,89.4267,89.4267,0
6022,Yes,2.University,Single,26,3238.9327,3238.9327,0
60220,No,3.Graduate School,Married,38,221.3085,221.3085,0
36132,Yes,3.Graduate School,Single,35,22878.7824,0,1
66242,Yes,2.University,Married,49,51396.8667,2283.2413,0
189693,No,3.Graduate School,Single,40,133799.807,5419.8,0
90330,Yes,3.Graduate School,Single,34,1505.5,1505.5,0
3011,Yes,2.University,Single,49,1508.8121,0,1
84308,Yes,3.Graduate School,Married,39,1761.7361,301.1,0
39143,No,3.Graduate School,Single,30,1690.9776,349.5771,0
9033,Yes,1.High School,Married,28,5745.8913,602.2,0
15055,Yes,2.University,Married,27,3251.88,343.254,0
21077,Yes,1.High School,Married,38,7702.4391,383.3003,0
24088,No,2.University,Single,29,12928.6318,632.31,0
6022,Yes,2.University,Married,22,5763.9573,903.3,0
141517,Yes,2.University,Single,32,40192.6346,1505.5,0
78286,Yes,2.University,Married,37,75681.7861,3613.2,0
45165,Yes,3.Graduate School,Single,25,591.0593,591.0593,0
36132,No,3.Graduate School,Married,46,5216.5575,963.52,0
6022,Yes,2.University,Married,47,5224.6872,385.408,0
15055,No,1.High School,Single,22,11513.7629,451.65,0
54198,Yes,2.University,Single,27,38504.9691,1806.6,0
108396,No,2.University,Married,44,2817.6938,2817.6938,0
54198,Yes,2.University,Single,30,4638.1444,451.65,0
81297,Yes,3.Graduate School,Married,42,376.375,0,1
21077,No,3.Graduate School,Single,28,20989.9821,903.3,0
15055,Yes,2.University,Married,54,3447.2939,346.265,0
105385,No,2.University,Married,37,88.5234,88.5234,0
60220,No,3.Graduate School,Married,58,59006.567,2355.2042,0
24088,No,1.High School,Single,26,21061.0417,0,1
18066,Yes,2.University,Married,31,14824.9596,903.3,0
9033,No,3.Graduate School,Married,52,5053.6624,391.43,0
33121,Yes,3.Graduate School,Single,36,30346.0624,1385.06,0
90330,Yes,3.Graduate School,Single,27,25218.3294,25218.3294,0
15055,Yes,1.High School,Married,22,9433.1619,2709.9,0
150550,No,3.Graduate School,Single,39,3562.9163,3562.9163,0
108396,No,3.Graduate School,Single,36,62720.6355,62720.6355,0
6022,Yes,2.University,Married,39,3378.6431,1059.872,0
66242,No,3.Graduate School,Married,39,45467.3044,30110,0
6022,Yes,2.University,Single,22,4720.3447,1505.5,0
18066,No,2.University,Married,37,9028.7846,110.2026,0
51187,Yes,3.Graduate School,Single,30,385.408,301.1,0
60220,Yes,2.University,Married,26,13609.72,541.98,0
42154,Yes,1.High School,Single,23,11072.0492,602.2,0
54198,Yes,2.University,Single,24,31736.8433,0,1
6022,No,1.High School,Married,51,4768.5207,380.5904,0
15055,Yes,3.Graduate School,Single,23,9846.8733,464.8984,0
30110,Yes,2.University,Married,25,6034.9473,602.2,0
21077,Yes,2.University,Married,44,1999.9062,752.75,0
141517,No,3.Graduate School,Single,33,3485.5336,3485.5336,0
90330,Yes,3.Graduate School,Married,45,3013.7099,3013.7099,0
60220,Yes,3.Graduate School,Single,26,1939.084,1939.084,0
45165,Yes,2.University,Married,41,23478.2725,1211.3253,0
66242,Yes,2.University,Single,25,50429.7335,2050.1899,0
126462,No,3.Graduate School,Single,31,169.5193,169.5193,0
63231,Yes,2.University,Single,45,617.255,617.255,0
135495,No,1.High School,Married,58,1878.5629,1878.5629,0
72264,No,2.University,Married,30,2290.7688,2290.7688,0
126462,Yes,2.University,Single,25,36798.0332,30110,0
9033,Yes,1.High School,Single,24,4405.093,4405.093,0
15055,No,2.University,Single,37,14651.2249,638.332,0
69253,No,1.High School,Single,27,3011,3011,0
60220,No,3.Graduate School,Single,31,2040.5547,572.09,0
69253,Yes,2.University,Single,28,5319.5337,1806.6,0
39143,Yes,2.University,Single,24,35625.8509,1495.2626,0
27099,Yes,3.Graduate School,Single,33,26494.6923,2709.9,0
36132,No,3.Graduate School,Single,27,95.1476,95.1476,0
60220,No,3.Graduate School,Single,42,222.814,222.814,0
6022,Yes,2.University,Single,32,5176.8123,0,1
63231,Yes,3.Graduate School,Married,37,23481.2835,1114.07,0
21077,Yes,2.University,Married,42,15649.6725,662.42,0
69253,No,2.University,Single,32,56914.8253,2709.9,0
9033,No,2.University,Single,44,6378.2013,360.1156,0
30110,No,3.Graduate School,Single,31,9914.6208,0,1
63231,No,2.University,Single,33,57688.3512,2559.35,0
15055,No,2.University,Single,54,14117.0735,0,1
21077,Yes,3.Graduate School,Single,24,15852.915,1505.5,0
63231,Yes,3.Graduate School,Married,33,4872.4002,372.1596,0
12044,No,3.Graduate School,Single,24,8485.6002,0,1
24088,Yes,2.University,Single,25,20453.723,0,1
63231,Yes,3.Graduate School,Married,37,220.4052,220.4052,0
6022,Yes,2.University,Single,23,1047.2258,1047.2258,0
3011,No,1.High School,Single,34,2548.5104,646.7628,0
12044,Yes,2.University,Married,25,3705.6377,457.672,0
87319,Yes,3.Graduate School,Single,33,146.3346,146.3346,0
6022,No,2.University,Single,25,4109.4128,451.65,0
6022,No,2.University,Married,32,5460.1474,485.6743,0
150550,No,2.University,Married,42,1058.6676,1058.6676,0
27099,Yes,1.High School,Single,24,62.3277,62.3277,0
15055,Yes,2.University,Married,37,316.155,0,1
36132,No,3.Graduate School,Single,36,8507.5805,1354.95,0
60220,Yes,3.Graduate School,Single,27,46879.1623,2166.1134,0
90330,Yes,2.University,Married,50,942.7441,942.7441,0
27099,Yes,2.University,Single,24,6679.6024,1505.5,0
27099,No,2.University,Married,27,21254.9501,776.838,0
54198,Yes,2.University,Married,39,44.5628,44.5628,0
30110,No,3.Graduate School,Married,45,3830.8953,809.3568,0
108396,No,3.Graduate School,Married,36,4020.2872,602.2,0
69253,No,2.University,Single,39,98.1586,98.1586,0
33121,Yes,1.High School,Single,29,31457.1214,1595.83,0
63231,No,2.University,Single,37,41860.4275,1967.3874,0
60220,No,2.University,Single,26,3558.0987,3558.0987,0
15055,No,2.University,Single,44,5721.5022,348.9749,0
150550,No,2.University,Married,40,18400.5221,800.6249,0
9033,Yes,3.Graduate School,Single,25,1497.0692,330.9089,0
102374,Yes,2.University,Married,36,46758.7223,2139.6166,0
108396,No,3.Graduate School,Single,32,117.1279,117.1279,0
69253,No,3.Graduate School,Single,32,14205.2958,3047.132,0
18066,No,2.University,Married,41,12524.8567,1526.577,0
15055,Yes,3.Graduate School,Single,29,3957.9595,843.08,0
48176,No,1.High School,Single,52,47382.3004,1964.6775,0
18066,Yes,1.High School,Single,48,11818.7772,511.87,0
48176,No,2.University,Single,43,2151.6606,2151.6606,0
54198,Yes,3.Graduate School,Single,25,375.1706,375.1706,0
51187,No,2.University,Married,36,19476.0513,602.2,0
39143,Yes,2.University,Married,34,18442.9772,680.486,0
54198,Yes,2.University,Single,48,916.5484,916.5484,0
6022,No,3.Graduate School,Single,27,1797.8681,0,1
69253,Yes,2.University,Married,43,2526.8312,389.9245,0
93341,Yes,2.University,Married,39,2021.2843,347.7705,0
105385,No,3.Graduate School,Married,70,21150.4684,1015.0081,0
15055,Yes,3.Graduate School,Single,24,105.6861,105.6861,0
54198,Yes,3.Graduate School,Married,27,23607.1433,782.86,0
60220,Yes,2.University,Single,33,53743.6401,2378.69,0
6022,No,1.High School,Married,34,5047.0382,386.6124,0
45165,Yes,2.University,Married,31,234.5569,234.5569,0
15055,Yes,2.University,Single,25,14289.0016,540.1734,0
57209,No,1.High School,Married,49,53915.5682,1505.5,0
87319,Yes,3.Graduate School,Single,27,73394.0283,4968.15,0
126462,No,2.University,Married,39,35560.8133,1716.27,0
18066,No,2.University,Single,40,3294.034,451.65,0
27099,Yes,3.Graduate School,Single,27,25015.6891,1053.85,0
9033,Yes,3.Graduate School,Single,27,8810.4871,541.98,0
6022,No,2.University,Single,35,3442.7774,0,1
27099,Yes,2.University,Married,25,26813.5572,1264.62,0
36132,No,3.Graduate School,Single,27,6603.123,511.87,0
108396,Yes,2.University,Married,50,206.5546,206.5546,0
96352,Yes,3.Graduate School,Married,34,7151.125,7151.125,0
6022,No,2.University,Single,25,5913.0018,1023.74,0
69253,Yes,3.Graduate School,Single,29,19471.2337,933.41,0
15055,No,1.High School,Married,44,5227.9993,602.2,0
15055,No,1.High School,Married,48,10197.6548,10197.6548,0
12044,Yes,1.High School,Single,24,210.1678,0,1
36132,Yes,1.High School,Married,27,117.429,117.429,0
39143,Yes,2.University,Single,25,476.6413,476.6413,0
33121,Yes,1.High School,Single,28,26328.7862,1204.4,0
6022,No,2.University,Single,22,2393.1428,0,1
36132,Yes,1.High School,Married,30,34600.9065,1257.9958,0
72264,Yes,2.University,Married,44,2245.6038,2245.6038,0
15055,Yes,2.University,Single,23,9970.3243,937.3243,0
150550,Yes,3.Graduate School,Single,42,555.2284,555.2284,0
51187,No,2.University,Married,48,28991.1124,1316.1081,0
69253,Yes,2.University,Married,29,9397.0299,602.2,0
33121,No,3.Graduate School,Single,28,12589.5932,0,1
102374,No,3.Graduate School,Married,52,10132.6172,10132.6172,0
15055,No,3.Graduate School,Single,37,11589.9412,594.9736,0
93341,No,3.Graduate School,Married,50,95.1476,95.1476,0
15055,Yes,1.High School,Married,31,12051.5275,852.113,0
72264,Yes,1.High School,Married,38,34143.5356,2860.45,0
15055,Yes,2.University,Married,48,3993.1882,760.5786,0
45165,Yes,3.Graduate School,Single,34,3976.3266,3976.3266,0
42154,No,2.University,Single,44,31621.8231,1204.4,0
9033,Yes,1.High School,Married,56,7467.28,2709.9,0
90330,Yes,3.Graduate School,Married,30,25483.8996,903.3,0
15055,No,3.Graduate School,Single,29,792.4952,301.1,0
84308,Yes,2.University,Married,37,9076.3584,456.1665,0
9033,Yes,3.Graduate School,Married,27,92.1366,92.1366,0
9033,Yes,2.University,Single,23,1683.4501,1082.7556,0
54198,No,1.High School,Married,45,7379.3588,451.65,0
45165,No,2.University,Married,33,3465.661,903.6011,0
33121,Yes,2.University,Married,40,25719.3598,1114.07,0
69253,Yes,1.High School,Married,43,1153.8152,1153.8152,0
69253,Yes,2.University,Single,25,28450.6379,1354.95,0
36132,Yes,2.University,Married,38,2188.997,2188.997,0
72264,Yes,2.University,Married,42,10995.8709,4516.5,0
15055,Yes,1.High School,Single,40,1976.1193,382.6981,0
15055,Yes,3.Graduate School,Single,70,14597.328,0,1
15055,Yes,2.University,Married,32,14818.0343,914.4407,0
30110,No,1.High School,Single,52,22055.2739,837.3591,0
165605,No,3.Graduate School,Single,31,11714.8977,607.6198,0
135495,Yes,2.University,Single,36,1911.985,1911.985,0
24088,Yes,2.University,Married,50,778.9457,778.9457,0
15055,Yes,1.High School,Married,48,1802.6857,602.2,0
54198,No,2.University,Married,44,21075.1934,2408.8,0
72264,No,3.Graduate School,Single,35,3262.4185,3262.4185,0
144528,Yes,2.University,Married,35,3321.4341,0,1
45165,Yes,2.University,Married,37,239.0734,0,1
33121,Yes,3.Graduate School,Single,29,32953.2873,2362.1295,0
72264,No,3.Graduate School,Single,30,2193.2124,2193.2124,0
15055,No,3.Graduate School,Single,33,14896.6214,726.2532,0
36132,No,2.University,Single,27,743.4159,743.4159,0
75275,Yes,2.University,Single,26,3130.5367,602.2,0
48176,No,3.Graduate School,Married,51,23317.4851,0,1
81297,Yes,3.Graduate School,Married,37,79.4904,79.4904,0
117429,Yes,2.University,Single,42,12648.0066,12648.0066,0
63231,Yes,2.University,Married,43,24790.1652,1204.4,0
9033,Yes,2.University,Single,23,7871.6573,903.9022,0
90330,Yes,1.High School,Married,30,4527.0385,4527.0385,0
57209,Yes,1.High School,Married,38,31041.9045,4516.5,0
39143,Yes,3.Graduate School,Married,35,96.6531,96.6531,0
108396,No,2.University,Married,44,41722.2226,1505.5,0
96352,No,3.Graduate School,Married,35,781.0534,781.0534,0
57209,Yes,2.University,Single,25,31766.05,2593.6754,0
27099,Yes,2.University,Single,33,538.3668,301.1,0
9033,Yes,3.Graduate School,Single,26,242.9877,242.9877,0
12044,Yes,3.Graduate School,Single,26,4096.1644,451.65,0
51187,No,2.University,Single,36,624.4814,624.4814,0
54198,No,3.Graduate School,Single,37,9539.1491,3011,0
6022,No,1.High School,Married,63,5103.9461,421.54,0
45165,Yes,1.High School,Married,48,12307.1614,1204.4,0
15055,Yes,2.University,Married,47,13588.0408,709.0905,0
42154,Yes,1.High School,Married,31,27878.2468,1505.5,0
15055,No,1.High School,Single,31,10131.4128,471.5226,0
60220,No,3.Graduate School,Single,34,23012.7719,3011,0
30110,Yes,3.Graduate School,Married,43,6916.5681,6916.5681,0
75275,Yes,3.Graduate School,Single,32,9060.099,613.6418,0
24088,Yes,3.Graduate School,Single,38,134.2906,134.2906,0
24088,No,1.High School,Single,29,14356.448,629.6001,0
15055,No,2.University,Married,49,14979.4239,903.3,0
9033,Yes,1.High School,Single,40,6931.322,0,1
9033,Yes,1.High School,Married,47,1546.7507,1546.7507,0
60220,No,3.Graduate School,Married,34,186.0798,186.0798,0
6022,No,2.University,Single,44,5403.8417,414.0125,0
15055,No,1.High School,Married,72,10975.9983,574.4988,0
15055,No,2.University,Married,48,12312.5812,566.068,0
15055,Yes,3.Graduate School,Single,27,10816.1142,0,1
66242,No,2.University,Married,44,54305.4927,2107.7,0
15055,No,3.Graduate School,Married,40,10872.721,662.42,0
51187,No,3.Graduate School,Single,26,455.2632,455.2632,0
30110,Yes,1.High School,Married,31,516.6876,516.6876,0
45165,Yes,3.Graduate School,Single,29,25188.2194,2258.25,0
15055,No,3.Graduate School,Single,28,12305.957,602.2,0
6022,Yes,1.High School,Single,22,1803.8901,337.5331,0
9033,Yes,2.University,Married,39,67.1453,67.1453,0
27099,Yes,3.Graduate School,Single,27,1910.7806,1910.7806,0
84308,No,3.Graduate School,Married,40,661.2156,661.2156,0
27099,Yes,2.University,Married,36,15117.0266,602.2,0
60220,No,2.University,Married,42,10787.5097,13.2484,0
6022,No,1.High School,Single,40,4674.8786,934.3133,0
15055,No,2.University,Married,51,14852.0586,914.1396,0
132484,No,3.Graduate School,Married,37,2519.9059,2519.9059,0
90330,No,3.Graduate School,Single,31,1626.2411,1626.2411,0
87319,Yes,3.Graduate School,Married,50,38765.7217,2107.7,0
15055,Yes,2.University,Single,24,8970.3712,451.65,0
45165,Yes,2.University,Single,29,1422.3964,367.9442,0
36132,Yes,2.University,Single,30,5290.6281,408.8938,0
69253,Yes,3.Graduate School,Married,61,434.4873,434.4873,0
54198,Yes,2.University,Married,28,37822.0743,1595.83,0
6022,No,2.University,Single,23,5376.1405,647.365,0
87319,Yes,3.Graduate School,Single,24,4543.599,4543.599,0
45165,Yes,3.Graduate School,Single,27,183.671,183.671,0
57209,Yes,2.University,Single,53,40105.9178,1896.93,0
75275,No,1.High School,Married,47,560.9493,560.9493,0
54198,Yes,1.High School,Married,45,119.2356,119.2356,0
24088,No,3.Graduate School,Single,25,378.4827,378.4827,0
90330,No,3.Graduate School,Single,31,871.3834,871.3834,0
15055,Yes,1.High School,Married,51,6593.7889,632.31,0
21077,Yes,3.Graduate School,Married,40,12200.2709,480.8567,0
45165,Yes,3.Graduate School,Single,30,13158.07,3011,0
6022,No,1.High School,Single,32,1807.2022,722.64,0
69253,No,3.Graduate School,Single,35,36078.7053,1746.38,0
93341,Yes,2.University,Married,29,23404.503,1204.4,0
69253,Yes,3.Graduate School,Single,36,92.1366,92.1366,0
60220,Yes,3.Graduate School,Married,40,2428.0704,2428.0704,0
30110,Yes,3.Graduate School,Single,30,9907.0933,1505.5,0
54198,No,1.High School,Married,33,46983.0418,0,1
117429,Yes,3.Graduate School,Married,38,50434.5511,2709.9,0
15055,Yes,2.University,Married,26,13104.4742,692.53,0
51187,No,3.Graduate School,Single,37,404.3773,404.3773,0
75275,Yes,2.University,Married,45,11289.4434,752.75,0
15055,Yes,1.High School,Married,40,14449.789,0,1
75275,Yes,3.Graduate School,Single,36,40286.8789,1505.5,0
27099,No,3.Graduate School,Single,27,17432.7867,843.08,0
108396,No,2.University,Single,29,35977.5357,6035.8506,0
99363,Yes,3.Graduate School,Single,26,11539.0553,666.3343,0
18066,Yes,2.University,Married,42,15302.2031,0,1
3011,Yes,1.High School,Single,42,1705.7315,383.9025,0
21077,No,2.University,Married,41,10815.8131,602.2,0
39143,Yes,1.High School,Married,33,37722.7113,1535.61,0
39143,No,3.Graduate School,Single,27,21702.9869,613.9429,0
24088,Yes,2.University,Single,29,22733.05,801.2271,0
114418,No,3.Graduate School,Single,41,107704.3733,8551.24,0
6022,Yes,2.University,Single,23,5244.2587,370.353,0
27099,No,3.Graduate School,Single,32,447.1335,447.1335,0
48176,No,2.University,Single,29,2016.1656,2016.1656,0
75275,Yes,2.University,Married,31,12965.6671,1204.4,0
36132,Yes,3.Graduate School,Single,27,24327.3745,903.3,0
78286,Yes,2.University,Married,40,77900.592,6024.4088,0
3011,No,2.University,Single,38,316.155,0,1
18066,Yes,2.University,Married,29,16413.2621,7380.2621,0
15055,No,2.University,Single,27,5658.8734,394.7421,0
39143,No,1.High School,Married,34,1784.6197,397.7531,0
39143,No,3.Graduate School,Single,34,9204.3259,602.8022,0
24088,Yes,2.University,Married,36,6348.3924,407.0872,0
87319,Yes,3.Graduate School,Married,33,564.5625,0,1
150550,No,3.Graduate School,Single,33,620.8682,620.8682,0
39143,Yes,3.Graduate School,Single,26,6367.0606,0,1
9033,Yes,3.Graduate School,Single,27,7395.9193,451.65,0
6022,Yes,3.Graduate School,Single,24,2600.6007,301.1,0
21077,Yes,2.University,Single,26,2481.3651,602.2,0
60220,No,3.Graduate School,Single,27,1092.993,1092.993,0
15055,Yes,2.University,Married,46,432.3796,432.3796,0
108396,No,2.University,Married,56,368.5464,368.5464,0
15055,Yes,1.High School,Married,56,10526.7571,724.7477,0
15055,No,2.University,Single,25,2084.2142,0,1
24088,Yes,2.University,Married,37,5086.4823,662.42,0
99363,Yes,3.Graduate School,Married,47,4212.389,4212.389,0
15055,No,2.University,Single,26,8677.702,602.2,0
24088,No,1.High School,Married,48,21163.4157,1107.7469,0
9033,Yes,1.High School,Married,48,8140.2385,602.2,0
48176,No,2.University,Married,28,20163.1615,1763.2416,0
24088,Yes,3.Graduate School,Single,22,3462.9511,3462.9511,0
120440,No,2.University,Married,34,17098.8668,1806.6,0
66242,No,2.University,Married,60,481.1578,481.1578,0
12044,Yes,2.University,Married,25,7324.5586,1023.74,0
84308,Yes,2.University,Single,27,46306.4701,3034.1847,0
33121,No,2.University,Single,26,31190.0457,2717.7286,0
54198,Yes,3.Graduate School,Married,44,1700.0106,1700.0106,0
60220,Yes,3.Graduate School,Single,26,4816.3956,452.2522,0
117429,Yes,3.Graduate School,Single,33,24050.3625,1053.85,0
120440,Yes,3.Graduate School,Single,29,1811.4176,319.166,0
36132,Yes,1.High School,Single,37,486.5776,486.5776,0
84308,No,2.University,Married,33,59032.1605,2602.7084,0
69253,Yes,3.Graduate School,Single,27,32475.7427,1302.5586,0
84308,Yes,3.Graduate School,Married,36,10160.9206,10160.9206,0
48176,Yes,2.University,Married,35,352.8892,352.8892,0
36132,No,1.High School,Married,47,202.0381,202.0381,0
90330,Yes,1.High School,Married,31,99.6641,99.6641,0
6022,Yes,3.Graduate School,Single,31,79.4904,79.4904,0
135495,No,3.Graduate School,Single,31,1092.6919,1092.6919,0
75275,No,2.University,Married,30,8721.3615,8721.3615,0
45165,Yes,2.University,Single,27,7381.4665,518.7953,0
42154,No,2.University,Single,35,20093.6074,1269.1365,0
150550,Yes,3.Graduate School,Single,46,49229.85,49229.85,0
15055,No,2.University,Single,53,5867.2346,400.1619,0
60220,Yes,2.University,Single,27,50028.6683,0,1
45165,Yes,2.University,Single,37,25496.8469,1505.5,0
24088,No,3.Graduate School,Single,23,17988.9184,767.805,0
48176,No,3.Graduate School,Married,40,170.7237,170.7237,0
54198,Yes,2.University,Married,44,241.7833,241.7833,0
81297,Yes,3.Graduate School,Married,32,9322.056,9322.056,0
54198,Yes,3.Graduate School,Single,41,7466.3767,304.7132,0
36132,No,3.Graduate School,Married,54,117.429,117.429,0
33121,Yes,3.Graduate School,Single,29,13844.578,602.2,0
60220,Yes,1.High School,Single,30,50201.1986,2411.5099,0
21077,Yes,1.High School,Married,23,826.8206,826.8206,0
15055,No,1.High School,Married,32,10603.2365,610.0286,0
114418,Yes,2.University,Married,39,24678.4571,24678.4571,0
6022,No,1.High School,Married,38,5991.89,301.1,0
138506,No,3.Graduate School,Single,32,118555.7162,4516.5,0
18066,No,1.High School,Single,24,18008.791,903.3,0
60220,Yes,3.Graduate School,Married,35,4282.8464,4282.8464,0
15055,Yes,2.University,Single,37,4062.7423,0,1
6022,Yes,3.Graduate School,Single,22,5591.427,414.3136,0
87319,Yes,2.University,Married,40,77355.601,3221.77,0
48176,Yes,1.High School,Married,51,43629.39,1987.26,0
21077,Yes,2.University,Married,31,14948.7117,552.2174,0
24088,Yes,2.University,Single,40,22845.3603,993.63,0
6022,No,3.Graduate School,Single,41,5533.0136,5533.0136,0
45165,No,3.Graduate School,Single,30,330.6078,330.6078,0
78286,No,3.Graduate School,Married,43,602.2,602.2,0
93341,Yes,3.Graduate School,Single,30,88176.5328,4223.5297,0
45165,Yes,3.Graduate School,Single,33,29591.2047,1324.84,0
60220,Yes,3.Graduate School,Single,27,3361.1793,3361.1793,0
45165,No,1.High School,Single,45,30469.5134,1285.0948,0
66242,Yes,2.University,Married,54,768.7083,768.7083,0
162594,Yes,3.Graduate School,Single,34,268.5812,268.5812,0
84308,No,2.University,Single,30,56818.7744,2420.2418,0
69253,No,2.University,Single,32,13078.2785,623.8792,0
15055,No,3.Graduate School,Married,39,11079.8778,1149.2987,0
3011,No,2.University,Single,35,2409.1011,0,1
150550,No,3.Graduate School,Married,46,121588.9976,4529.4473,0
126462,Yes,2.University,Single,35,5674.8317,5674.8317,0
15055,Yes,2.University,Single,23,4606.5289,621.1693,0
48176,Yes,1.High School,Married,41,14208.3068,662.42,0
12044,Yes,2.University,Married,23,9956.7748,0,1
30110,Yes,2.University,Married,31,28265.1603,1505.5,0
15055,Yes,3.Graduate School,Single,26,12655.8352,521.8063,0
39143,Yes,1.High School,Single,32,35005.5849,6028.3231,0
9033,Yes,2.University,Single,22,8615.0732,602.2,0
42154,No,2.University,Married,34,129.473,129.473,0
63231,Yes,2.University,Married,32,46741.2585,2806.252,0
15055,No,2.University,Married,38,14197.7683,561.2504,0
93341,No,2.University,Married,29,13765.6898,6022,0
90330,Yes,3.Graduate School,Married,31,334.221,334.221,0
9033,Yes,2.University,Single,47,5142.788,481.76,0
27099,Yes,1.High School,Married,40,24606.1931,1028.5576,0
45165,Yes,2.University,Married,34,12895.8119,1204.4,0
27099,No,3.Graduate School,Single,25,9431.9575,602.2,0
30110,Yes,3.Graduate School,Single,28,214.3832,214.3832,0
63231,No,3.Graduate School,Single,31,49702.8781,2408.8,0
51187,Yes,2.University,Married,41,2920.0678,2920.0678,0
27099,Yes,2.University,Married,32,25225.8569,0,1
15055,Yes,3.Graduate School,Single,26,11505.6332,602.2,0
45165,No,3.Graduate School,Married,30,10676.1027,10676.1027,0
24088,Yes,3.Graduate School,Single,30,395.3443,395.3443,0
30110,No,2.University,Single,30,27237.8071,6022,0
75275,No,2.University,Single,31,4749.5514,452.8544,0
150550,Yes,2.University,Married,42,22531.9152,12044,0
78286,No,2.University,Single,32,28622.566,1327.851,0
15055,Yes,2.University,Married,44,117.429,117.429,0
9033,Yes,2.University,Single,22,8736.7176,624.7825,0
33121,Yes,2.University,Single,42,15357.6055,0,1
150550,No,3.Graduate School,Married,39,2835.7598,2835.7598,0
93341,Yes,3.Graduate School,Single,32,11500.5145,1204.4,0
174638,No,2.University,Married,37,26888.5311,1131.2327,0
102374,Yes,3.Graduate School,Married,36,98180.8814,48309.6884,0
108396,Yes,2.University,Married,42,1711.1513,1711.1513,0
87319,Yes,3.Graduate School,Single,29,2145.0364,2145.0364,0
9033,No,2.University,Single,36,5964.4899,0,1
24088,Yes,3.Graduate School,Single,29,6992.7464,451.65,0
51187,Yes,3.Graduate School,Single,31,373.0629,373.0629,0
30110,No,2.University,Married,42,17368.9535,903.3,0
72264,Yes,3.Graduate School,Single,29,8634.6447,1508.2099,0
72264,Yes,2.University,Single,26,53549.4306,2296.4897,0
66242,Yes,2.University,Single,35,9315.1307,604.0066,0
90330,No,3.Graduate School,Single,32,79.4904,79.4904,0
6022,No,2.University,Single,33,3064.8969,602.2,0
108396,Yes,3.Graduate School,Single,30,43212.3665,1806.6,0
141517,Yes,2.University,Single,26,51280.0399,1866.82,0
21077,Yes,2.University,Single,22,8028.8315,602.2,0
36132,Yes,3.Graduate School,Single,26,3733.64,903.3,0
15055,No,2.University,Single,35,5846.7598,451.65,0
141517,No,2.University,Married,49,48705.936,1987.26,0
39143,No,2.University,Married,49,6392.6541,903.3,0
6022,Yes,3.Graduate School,Single,24,212.8777,212.8777,0
78286,Yes,3.Graduate School,Single,36,734.0818,734.0818,0
6022,No,3.Graduate School,Married,39,199.3282,199.3282,0
90330,Yes,3.Graduate School,Single,28,50.5848,50.5848,0
138506,Yes,2.University,Single,35,135509.1517,5302.371,0
108396,Yes,2.University,Single,27,73924.5665,3125.7191,0
87319,No,3.Graduate School,Married,40,28655.3859,1204.4,0
27099,No,3.Graduate School,Married,30,13723.2347,3613.2,0
36132,No,3.Graduate School,Married,45,6596.7999,412.2059,0
66242,No,2.University,Single,30,56912.7176,2186.2871,0
66242,No,3.Graduate School,Single,34,55819.1224,93.6421,0
96352,Yes,2.University,Single,31,30623.3755,1083.96,0
27099,No,2.University,Single,39,6766.3192,903.3,0
54198,No,3.Graduate School,Married,50,20907.1796,1505.5,0
30110,No,3.Graduate School,Married,36,5662.4866,511.87,0
102374,No,2.University,Married,41,100214.8119,4549.621,0
72264,Yes,2.University,Married,41,3400.6234,301.1,0
3011,No,2.University,Single,41,2888.1512,348.3727,0
66242,Yes,3.Graduate School,Married,42,752.75,0,1
66242,Yes,3.Graduate School,Married,31,342.3507,342.3507,0
21077,Yes,1.High School,Married,57,19590.1682,788.882,0
39143,Yes,1.High School,Single,53,13753.3447,13753.3447,0
42154,Yes,2.University,Married,25,24617.0327,904.8055,0
6022,No,2.University,Single,32,1458.2273,301.1,0
27099,No,2.University,Married,29,13091.828,933.41,0
51187,Yes,1.High School,Married,37,49486.6883,2408.8,0
21077,No,3.Graduate School,Single,30,10281.3606,0,1
60220,No,3.Graduate School,Married,42,5741.0737,5741.0737,0
60220,No,2.University,Married,41,27982.4274,3011,0
30110,Yes,3.Graduate School,Single,27,26627.7785,1237.521,0
54198,No,2.University,Single,31,9898.9636,1505.5,0
69253,Yes,1.High School,Single,26,298.089,298.089,0
6022,No,1.High School,Single,50,343.254,343.254,0
150550,Yes,3.Graduate School,Married,35,10897.7123,753.9544,0
24088,Yes,1.High School,Single,40,12079.5298,752.75,0
69253,No,2.University,Married,29,18141.275,1505.5,0
58437,Yes,2.University,Single,24,7519.6714,7519.6714,0
15055,Yes,2.University,Single,49,11381.2789,602.2,0
42154,No,2.University,Single,34,39331.1875,2531.6488,0
15055,No,2.University,Single,42,11962.4019,630.5034,0
54198,No,1.High School,Single,28,40257.6722,1827.677,0
174638,No,1.High School,Married,67,141792.5065,7739.4744,0
93341,Yes,3.Graduate School,Married,43,566.3691,566.3691,0
54198,Yes,3.Graduate School,Single,43,2061.6317,2061.6317,0
18066,Yes,3.Graduate School,Single,24,4878.7233,602.2,0
12044,Yes,1.High School,Married,59,4598.0981,473.6303,0
42154,Yes,2.University,Married,34,37928.0615,2469.02,0
66242,No,2.University,Married,32,2495.5168,2495.5168,0
3011,No,2.University,Single,22,2628.0008,348.6738,0
6022,No,3.Graduate School,Married,52,117.429,117.429,0
15055,Yes,3.Graduate School,Single,23,4754.369,391.43,0
15055,Yes,2.University,Single,33,8667.7657,447.7357,0
96352,Yes,2.University,Single,35,30282.2292,1171.5801,0
6022,No,2.University,Single,34,460.683,460.683,0
15055,No,2.University,Married,40,14747.2758,613.3407,0
102374,No,3.Graduate School,Married,49,316.7572,316.7572,0
12044,Yes,2.University,Single,26,9834.8293,602.2,0
45165,No,3.Graduate School,Married,51,41630.086,3884.19,0
6022,Yes,2.University,Single,40,5328.2656,0,1
6022,Yes,2.University,Single,22,1619.0147,0,1
60220,No,2.University,Married,42,20987.2722,1204.4,0
24088,Yes,1.High School,Married,35,15180.8598,593.167,0
69253,Yes,2.University,Married,38,2918.2612,410.7004,0
57209,Yes,2.University,Single,31,46739.1508,3011,0
78286,No,1.High School,Married,36,46308.8789,2235.6675,0
30110,Yes,3.Graduate School,Married,39,16602.3529,16602.3529,0
42154,No,2.University,Single,41,25141.2478,1205.0022,0
6022,Yes,2.University,Married,42,3957.3573,368.8475,0
24088,No,2.University,Single,30,19315.2639,917.1506,0
108396,No,3.Graduate School,Single,32,93332.5692,3780.9127,0
21077,No,2.University,Single,31,14221.5552,662.42,0
150550,Yes,3.Graduate School,Married,39,108410.1517,4516.5,0
96352,Yes,2.University,Single,30,125.2576,125.2576,0
150550,Yes,3.Graduate School,Married,34,18345.1197,9035.1077,0
15055,Yes,3.Graduate School,Single,25,241.1811,241.1811,0
36132,Yes,2.University,Married,39,9714.6904,470.3182,0
75275,Yes,3.Graduate School,Single,32,9262.4382,1505.5,0
54198,Yes,2.University,Married,39,17511.6749,752.75,0
3011,Yes,2.University,Single,22,196.9194,196.9194,0
60220,Yes,1.High School,Married,53,27685.5428,15749.3366,0
36132,Yes,3.Graduate School,Single,29,114.418,114.418,0
69253,No,2.University,Married,38,98.1586,98.1586,0
15055,Yes,2.University,Single,28,8879.7401,449.2412,0
33121,No,2.University,Single,26,17048.282,0,1
36132,Yes,3.Graduate School,Single,25,3191.3589,1505.5,0
63231,Yes,2.University,Married,40,13295.3716,558.8416,0
9033,No,2.University,Married,47,4402.082,0,1
42154,Yes,2.University,Single,42,118.9345,118.9345,0
39143,No,1.High School,Married,46,7815.3516,30.11,0
24088,Yes,2.University,Single,30,1851.1628,0,1
15055,Yes,1.High School,Married,51,14466.9517,1204.4,0
30110,No,3.Graduate School,Married,35,5450.5122,394.441,0
66242,No,2.University,Married,48,13750.9359,13750.9359,0
78286,Yes,2.University,Married,28,214.0821,214.0821,0
96352,No,3.Graduate School,Single,40,92721.6373,6022,0
24088,Yes,2.University,Married,30,2367.8504,903.3,0
42154,No,3.Graduate School,Single,55,20173.0978,843.08,0
54198,No,2.University,Married,26,41800.2075,1152.0086,0
24088,No,3.Graduate School,Single,33,23406.9118,1234.51,0
9033,No,1.High School,Married,50,7296.2552,506.1491,0
36132,Yes,2.University,Married,26,3442.4763,3442.4763,0
36132,Yes,2.University,Single,29,25246.3317,1204.4,0
6022,No,2.University,Married,29,3528.2898,3528.2898,0
15055,No,2.University,Single,40,4471.6361,903.3,0
75275,No,2.University,Married,50,117.429,117.429,0
78286,No,3.Graduate School,Single,37,32698.2556,1505.5,0
54198,Yes,3.Graduate School,Single,27,295.078,0,1
45165,No,2.University,Married,55,23637.8555,1144.18,0
78286,No,3.Graduate School,Single,34,962.9178,962.9178,0
6022,No,2.University,Married,44,864.7592,864.7592,0
183671,No,3.Graduate School,Single,31,97022.8508,97022.8508,0
